id,Keyword,Keyword_ENG,cluster,LABELS,Semantic_score
0,persoonlijkheidstests,personality tests,21,personal test,0.639
1,persoonlijkheidstest,personality test,21,personal test,0.685
2,verschillende persoonlijkheden,different personalities,4,describe personal development,0.424
3,persoonlijkheidstypen kleuren,personality types coloring,4,describe personal development,0.300
4,persoonlijkheidstest psychologie,personality test psychology,21,personal test,0.610
5,persoonlijkheidsvragenlijst,personality questionnaire,15,feedback questionnaire,0.626
6,persoonlijkheidstest mbti,personality test mbti,21,personal test,0.511
7,persoonlijkheid kenmerken,personality traits,4,describe personal development,0.491
8,disc persoonlijkheidstest,disc personality test,12,disc test,0.761
9,jung persoonlijkheidstest,jung personality test,21,personal test,0.515
10,personaliteits test,personality test,21,personal test,0.685
11,persoonlijk test,personal test,21,personal test,1.000
12,persoonlijkheidstest jung,personality test jung,21,personal test,0.489
13,big five persoonlijkheidsmodel,big five personality model,4,describe personal development,0.340
14,persoonlijke testen,personal tests,21,personal test,0.965
15,disc persoonlijkheid,disc personality,34,disc personality,1.000
16,online persoonlijkheidstest,online personality test,21,personal test,0.570
17,thomas test persoonlijkheid,thomas personality test,21,personal test,0.510
18,persoonlijk profiel analyse,personal profile analysis,49,profile analysis,0.845
19,disk persoonlijkheidstest,disk personality test,21,personal test,0.514
20,persoonlijke kwaliteiten test,personal qualities test,21,personal test,0.675
21,zelftest persoonlijkheid,self test personality,21,personal test,0.673
22,sterke punten persoonlijkheid,strengths personality,4,describe personal development,0.382
23,persoonlijkheidstesten soorten,personality tests types,21,personal test,0.522
24,gedragsstijlen test,behavioral style test,11,leadership styles,0.347
25,test je gedrag,test your behavior,20,job test,0.476
26,abstract redeneervermogen,abstract reasoning ability,33,abstract reasoning why,0.777
27,abstract redeneren,abstract reasoning,33,abstract reasoning why,0.911
28,numeriek redeneren,numerical reasoning,14,logical reasoning,0.490
29,inductief redeneren,inductive reasoning,14,logical reasoning,0.600
30,redeneertesten,reasoning tests,27,reasoning tests,1.000
31,deductief redeneren,deductive reasoning,14,logical reasoning,0.683
32,test abstract redeneervermogen,test abstract reasoning ability,27,reasoning tests,0.796
33,numeriek redeneervermogen,numerical reasoning ability,14,logical reasoning,0.508
34,verbaal redeneervermogen,verbal reasoning ability,27,reasoning tests,0.609
35,redeneren betekenis,reason meaning,73,reason meaning,1.000
36,deductief redeneren test,deductive reasoning test,27,reasoning tests,0.819
37,abstract redeneren hudson,abstract reasoning hudson,33,abstract reasoning why,0.639
38,redenering betekenis,reasoning meaning,73,reason meaning,0.636
39,test logisch redeneren,test logical reasoning,14,logical reasoning,0.775
40,verbaal redeneren oefenen,practice verbal reasoning,27,reasoning tests,0.633
41,test inductief redeneren,test inductive reasoning,27,reasoning tests,0.741
42,abstract redeneren waarom,abstract reasoning why,33,abstract reasoning why,1.000
43,test abstract redeneervermogen boek,test abstract reasoning book,27,reasoning tests,0.668
44,abstract redeneervermogen hudson,abstract reasoning hudson,33,abstract reasoning why,0.639
45,redeneringstesten oefenen,practice reasoning tests,27,reasoning tests,0.927
46,numeriek redeneren hudson,numerical reasoning hudson,33,abstract reasoning why,0.251
47,numerieke reeksen oefenen,practice numerical sequences,16,practice assessment,0.180
48,verbaal redeneren test,verbal reasoning test,27,reasoning tests,0.821
49,wat is verbaal redeneren,what is verbal reasoning,17,what is abstract reasoning,0.527
50,verbaal abstract redeneren betekenis,verbal abstract reasoning meaning,73,reason meaning,0.387
51,logisch redeneervermogen,logical reasoning,14,logical reasoning,1.000
52,logisch redeneren betekenis,logical reasoning meaning,14,logical reasoning,0.825
53,inductief logisch redeneren,inductive logical reasoning,14,logical reasoning,0.747
54,wat is abstract redeneren,what is abstract reasoning,17,what is abstract reasoning,1.000
55,abstract redeneervermogen domino,abstract reasoning dominoes,33,abstract reasoning why,0.682
56,abstracte redeneertest hudson,abstract reasoning test hudson,33,abstract reasoning why,0.546
57,numerical reasoning test nederlands,numerical reasoning test nederlands,41,numerical tests,0.685
58,verbal reasoning test nederlands,verbal reasoning test nederlands,27,reasoning tests,0.693
59,numeriek redeneren betekenis,numerical reasoning meaning,73,reason meaning,0.323
60,iq test,iq test,18,iq test,1.000
61,emotionele intelligentie,emotional intelligence,55,emotional intelligence,1.000
62,test intelligence,test intelligence,2,test intelligence,1.000
63,iq test nederlands,iq test netherlands,18,iq test,0.764
64,emotioneel intelligent,emotionally intelligent,55,emotional intelligence,0.879
65,intelligentietest psycholoog,intelligence test psychologist,2,test intelligence,0.827
66,iq test training,iq test training,18,iq test,0.848
67,gratis online iq test,free online iq test,18,iq test,0.695
68,intelligentie structuur test,intelligence structure test,2,test intelligence,0.797
69,algemene intelligentie,general intelligence,2,test intelligence,0.672
70,lage emotionele intelligentie,low emotional intelligence,55,emotional intelligence,0.855
71,hoge emotionele intelligentie,high emotional intelligence,55,emotional intelligence,0.907
72,numerieke intelligentie,numerical intelligence,41,numerical tests,0.500
73,general intelligence test,general intelligence test,2,test intelligence,0.861
74,cognitieve intelligentie test,cognitive intelligence test,2,test intelligence,0.776
75,intelligentietest volwassenen,intelligence test adults,2,test intelligence,0.813
76,intelligentie test oefenen,practice intelligence test,2,test intelligence,0.874
77,intelligentieonderzoek volwassenen,intelligence research adults,2,test intelligence,0.657
78,teique test,test to you,20,job test,0.565
79,eq test scores,eq test scores,67,eq test meaning,0.768
80,hoe werkt een iq test,how does an iq test work,85,how does an iq test work,1.000
81,onderdelen iq test,parts iq test,18,iq test,0.687
82,online iq test nederlands,online iq test dutch,18,iq test,0.655
83,iq test belgië,iq test belgium,18,iq test,0.733
84,uitleg iq testen,explanation iq testing,18,iq test,0.838
85,eq test gratis,free eq test,67,eq test meaning,0.778
86,eq test betekenis,eq test meaning,67,eq test meaning,1.000
87,eigenschappen leiderschap,leadership qualities,32,situational leadership,0.643
88,leiderschapskwaliteiten test,leadership qualities test,32,situational leadership,0.547
89,leiderschap kenmerken,leadership characteristics,46,leadership characteristics,1.000
90,leiderschapsstijlen kleuren,coloring leadership styles,11,leadership styles,0.768
91,leider eigenschappen,leader traits,89,leader traits,1.000
92,kwaliteiten van een leider,qualities of a leader,24,qualities of a leader,1.000
93,kenmerken leiderschap,characteristics of leadership,46,leadership characteristics,0.979
94,leiderschap test,leadership test,11,leadership styles,0.664
95,situationeel leiderschap test,situational leadership test,11,leadership styles,0.591
96,kleuren leiderschap test,color leadership test,11,leadership styles,0.599
97,leiderschapsstijlen test hersey en blanchard,leadership styles test hersey and blanchard,11,leadership styles,0.722
98,test leiderschapsstijl,test leadership style,11,leadership styles,0.698
99,cognitieve test,cognitive test,84,cognitive skills test,0.899
100,cognitieve vaardigheden,cognitive skills,84,cognitive skills test,0.794
101,planningsvaardigheden testen,testing planning skills,74,testing planning skills,1.000
102,cognitieve vaardigheden test,cognitive skills test,84,cognitive skills test,1.000
103,vaardigheden test,skills test,74,testing planning skills,0.680
104,cognitieve capaciteitentest,cognitive ability test,84,cognitive skills test,0.918
105,wat is een cognitieve test,what is a cognitive test,17,what is abstract reasoning,0.259
106,cognitieve test betekenis,cognitive test meaning,84,cognitive skills test,0.806
107,cognitieve vaardigheden test gratis,cognitive skills test free,84,cognitive skills test,0.784
108,cognitieve intelligentie test,cognitive intelligence test,2,test intelligence,0.776
109,ait betekenis,ait meaning,29,psychometric meaning,0.057
110,ait assessment,ait assessment,1,assessment training,0.488
111,ait test voorbeeld,ait test example,20,job test,0.406
112,teique,teik,10,remote management,0.110
113,teiq,teiq,10,remote management,0.086
114,teique assessment,teique assessment,1,assessment training,0.402
115,disc test,disc test,12,disc test,1.000
116,disc profiel,disc profile,87,disc profile,1.000
117,disc persoonlijkheidstest,disc personality test,12,disc test,0.761
118,disc model test,disc model test,12,disc test,0.892
119,disc profiel test,disc profile test,87,disc profile,0.831
120,disc test gratis,test disc for free,59,ppa test for free,0.572
121,disc persoonlijkheid,disc personality,34,disc personality,1.000
122,disc uitleg,disc explanation,34,disc personality,0.611
123,disc vragenlijst pdf,disc questionnaire pdf,68,disc questionnaire pdf,1.000
124,disc test nederlands,disc test nederlands,12,disc test,0.749
125,disc test download,disc test download,12,disc test,0.800
126,gia test oefenen,practice gia test,2,test intelligence,0.381
127,gia test gratis,gia test free,67,eq test meaning,0.285
128,gia test score,gia test score,20,job test,0.288
129,consciëntieusheid,conscientiousness,10,remote management,0.156
130,tascnet test,tascnet test,20,job test,0.408
131,psychotechnische testen oefenen,practice psychotechnical tests,2,test intelligence,0.425
132,analytische test,analytical test,20,job test,0.348
133,welke kleur ben ik test,what color am i testing,20,job test,0.392
134,hersey en blanchard test,hersey in blanchard test,95,hersey in blanchard test,1.000
135,loopbaanbegeleiding online test,career guidance online test,76,career guidance online test,1.000
136,wat zijn mijn zwakke punten test,what are my weaknesses test,81,what are psychotechnical tests,0.409
137,wat is een assessment test,what is an assessment test,69,what is an online assessment,0.673
138,hpti test,hpti test,20,job test,0.326
139,emoties herkennen test,recognize emotions test,20,job test,0.418
140,leervermogen,learning ability,30,learning ability,1.000
141,leervermogen testen,test learning ability,30,learning ability,0.767
142,leervermogen competentie,learning ability competence,30,learning ability,0.875
143,interactief leervermogen,interactive learning ability,30,learning ability,0.710
144,psychometrie,psychometrie,10,remote management,0.164
145,psychometric test,psychometric test,72,psychometric test,1.000
146,psychometrie betekenis,psychometric meaning,29,psychometric meaning,1.000
147,psychometrisch,psychometrisch,10,remote management,0.151
148,wat is een psychometrische test,what is a psychometric test,72,psychometric test,0.896
149,wat is psychometrie,what is psychometry,17,what is abstract reasoning,0.225
150,psychometric test characters,psychometric test characters,72,psychometric test,0.764
151,psychometrische eigenschappen betekenis,psychometric properties meaning,29,psychometric meaning,0.809
152,psychometric test meaning,psychometric test meaning,72,psychometric test,0.875
153,psychotechnische testen,psychotechnical testing,20,job test,0.534
154,psychotechnische testen voorbeelden,psychotechnical testing examples,20,job test,0.536
155,vragenlijst emoties,questionnaire emotions,15,feedback questionnaire,0.608
156,wat zijn psychotechnische testen,what are psychotechnical tests,81,what are psychotechnical tests,1.000
157,ppa test oefenen,ppa test practice,2,test intelligence,0.363
158,ppa analyse,ppa analyse,39,ppa training,0.683
159,spa analyse,spa analyse,10,remote management,0.199
160,ppa test gratis,ppa test for free,59,ppa test for free,1.000
161,ppa assessment test,ppa assessment test,1,assessment training,0.502
162,ppa online,ppa online,39,ppa training,0.679
163,profielanalyse,profile analysis,49,profile analysis,1.000
164,profiel test,profile test,20,job test,0.544
165,profile dynamics vragenlijst,profile dynamics questionnaire,15,feedback questionnaire,0.517
166,psychologische testen,psychological tests,20,job test,0.592
167,psychologische testen oefenen,practice psychological tests,2,test intelligence,0.476
168,psychologische testen overzicht,psychological testing overview,20,job test,0.535
169,job test,job test,20,job test,1.000
170,aptitude test,aptitude test,20,job test,0.498
171,sollicitatietesten,job application tests,20,job test,0.807
172,aptitude betekenis,aptitude meaning,29,psychometric meaning,0.285
173,candidate test,candidate test,20,job test,0.661
174,numerieke testen,numerical tests,41,numerical tests,1.000
175,numerieke testen sollicitatie oefenen,numerical tests application practice,41,numerical tests,0.887
176,numerieke testen hudson,numerical tests hudson,41,numerical tests,0.667
177,numerieke inzicht test ltp,numerical insight test ltp,41,numerical tests,0.581
178,numerieke testen tips,numerical testing tips,41,numerical tests,0.869
179,nauwkeurigheidstest,accuracy test,20,job test,0.497
180,accuratesse betekenis,accuracy meaning,29,psychometric meaning,0.283
181,accuratesse test,accuracy test,20,job test,0.497
182,snelheid en nauwkeurigheid test,speed and accuracy test,20,job test,0.415
183,potentieel,potential,10,remote management,0.168
184,capaciteiten betekenis,abilities meaning,29,psychometric meaning,0.205
185,capaciteitentest oefenen,practice ability test,2,test intelligence,0.624
186,goede en slechte eigenschappen test,good and bad traits test,20,job test,0.414
187,sterke punten test,strengths test,20,job test,0.464
188,kwaliteiten test,qualities test,20,job test,0.513
189,capaciteitentest technisch inzicht,capability test technical insight,51,technical insight test,0.697
190,planning ability test,planning ability test,74,testing planning skills,0.877
191,vlieger capaciteitentest 1,kite aptitude test 1,20,job test,0.368
192,technisch inzicht test,technical insight test,51,technical insight test,1.000
193,ruimtelijk inzicht betekenis,spatial awareness meaning,29,psychometric meaning,0.173
194,test ruimtelijk inzicht,test spatial awareness,20,job test,0.440
195,assessment training,assessment training,1,assessment training,1.000
196,ppa training,ppa training,39,ppa training,1.000
197,ppa training,ppa training,39,ppa training,1.000
198,effectief leiderschap training,effective leadership training,32,situational leadership,0.545
199,emotionele intelligentie training,emotional intelligence training,98,emotional intelligence training,1.000
200,beste assessment training,beste assessment training,1,assessment training,0.797
201,assessment training review,assessment training review,1,assessment training,0.890
202,recruitment trainingen,recruitment trainings,35,recruitment strategy,0.816
203,trainingen verandermanagement,change management training,71,change management,0.831
204,disc training kosten,disc training costs,34,disc personality,0.340
205,training emotionele intelligentie,emotional intelligence training,98,emotional intelligence training,1.000
206,assessment training,assessment training,1,assessment training,1.000
207,assessment cursus,assessment cursus,1,assessment training,0.352
208,beste assessment training,beste assessment training,1,assessment training,0.797
209,assessment training review,assessment training review,1,assessment training,0.890
210,zelfontwikkeling,self development,45,self development,1.000
211,zelfontwikkeling boeken,books self development,45,self development,0.799
212,zelfontwikkeling engels,self development english,45,self development,0.768
213,zelfontwikkeling betekenis,self development meaning,45,self development,0.891
214,persoonlijke zelfontwikkeling,personal self-development,4,describe personal development,0.880
215,zelfontwikkeling tips,self development tips,45,self development,0.833
216,zelfontwikkeling competentie,self-development competence,45,self development,0.860
217,zelfontwikkeling cursus,self-development course,45,self development,0.802
218,verschil zelfontwikkeling en zelfontplooiing,difference self-development and self-development,70,difference self-development and self-development,1.000
219,leiderschapskwaliteiten ontwikkelen,develop leadership qualities,62,developing leadership,0.858
220,leiderschapskwaliteiten ontwikkelen,develop leadership qualities,62,developing leadership,0.858
221,persoonlijkheid ontwikkelen,develop personality,4,describe personal development,0.657
222,zelfbewustzijn ontwikkelen,develop self-awareness,45,self development,0.650
223,competentie ontwikkelen medewerkers,developing employees' competence,44,employee development,0.765
224,opleiden en ontwikkelen personeel,train and develop staff,38,developing a team,0.539
225,soft skills ontwikkelen,develop soft skills,4,describe personal development,0.417
226,emotionele intelligentie ontwikkelen,develop emotional intelligence,55,emotional intelligence,0.911
227,competentie ontwikkelen medewerkers,developing employees' competence,44,employee development,0.765
228,persoonlijke ontwikkeling medewerkers,personal development employees,4,describe personal development,0.706
229,ontwikkeling medewerkers,employee development,44,employee development,1.000
230,waarom ontwikkeling van medewerkers belangrijk,why employee development is important,37,why is communication important in a team,0.417
231,persoonlijke ontwikkeling,personal development,4,describe personal development,0.925
232,persoonlijke ontwikkeling voorbeelden,personal development examples,4,describe personal development,0.839
233,ontwikkeling persoonlijkheid,personality development,4,describe personal development,0.720
234,persoonlijke ontwikkeling medewerkers,personal development employees,4,describe personal development,0.706
235,ontwikkeling medewerkers,employee development,44,employee development,1.000
236,ontwikkelingsmogelijkheden,development opportunities,4,describe personal development,0.398
237,persoonlijke ontwikkeling werk,personal development work,4,describe personal development,0.847
238,onderwerpen persoonlijke ontwikkeling,subjects personal development,4,describe personal development,0.815
239,wat is persoonlijke ontwikkeling,what is personal development,4,describe personal development,0.899
240,persoonlijke ontwikkeling beschrijven,describe personal development,4,describe personal development,1.000
241,waarom ontwikkeling van medewerkers belangrijk,why employee development is important,37,why is communication important in a team,0.417
242,onboarding,onboarding,26,onboarding proces,0.842
243,onboarding proces,onboarding proces,26,onboarding proces,1.000
244,wat is onboarding,what is onboarding,17,what is abstract reasoning,0.129
245,onboarding definitie,onboarding definition,26,onboarding proces,0.728
246,onboarding tips,onboarding tips,26,onboarding proces,0.752
247,high potential,high potential,64,high potential,1.000
248,recruitmentproces,recruitmentproces,10,remote management,0.355
249,wat is een recruiter,what is a recruiter,17,what is abstract reasoning,0.063
250,recruitment oplossingen,recruitment solutions,35,recruitment strategy,0.870
251,wat is recruitment,what is recruitment,17,what is abstract reasoning,0.085
252,recruitment nederlands,recruitment dutch,35,recruitment strategy,0.607
253,high potential programma,high potential programma,64,high potential,0.615
254,identifying high potentials,identifying high potentials,64,high potential,0.803
255,kosten recruitment,costs recruitment,35,recruitment strategy,0.733
256,wervingsproces,recruitment process,35,recruitment strategy,0.834
257,recruitment strategie,recruitment strategy,35,recruitment strategy,1.000
258,recruitment strategien,recruitment strategies,35,recruitment strategy,0.960
259,medewerkers aantrekken,attract employees,22,attract employees,1.000
260,de juiste kandidaat selecteren,select the right candidate,10,remote management,0.066
261,sollicitant beoordelen,assess applicant,1,assessment training,0.567
262,sollicitatiegesprek voeren als werkgever,conducting a job interview as an employer,10,remote management,0.161
263,werving en selectie betekenis,recruitment and selection meaning,29,psychometric meaning,0.163
264,360graden,360graden,10,remote management,0.084
265,360 graden feedback,360 degree feedback,13,feedback 360,0.761
266,360 graden feedback,360 degree feedback,13,feedback 360,0.761
267,360 graden evaluatie,360 degree evaluation,13,feedback 360,0.554
268,360 grad feedback,360 grad feedback,13,feedback 360,0.720
269,360 graden feedback voorbeeld antwoorden,360 degree feedback example answers,9,360 degree feedback example answers,1.000
270,360 graden feedback formulier werk,360 degree feedback form work,13,feedback 360,0.710
271,360 graden feedback verslag voorbeeld,360 degree feedback report example,9,360 degree feedback example answers,0.853
272,wat is 360 graden feedback,what is 360 degree feedback,13,feedback 360,0.678
273,360 graden feedback vragenlijst,360 degree feedback questionnaire,13,feedback 360,0.721
274,360 graden feedback voorbeeld antwoorden,360 degree feedback example answers,9,360 degree feedback example answers,1.000
275,360 graden feedback geven,Giving 360 degree feedback,13,feedback 360,0.804
276,360 graden feedback uitleg,360 degree feedback explanation,13,feedback 360,0.707
277,360 graden analyse,360 degree analysis,13,feedback 360,0.480
278,360 graden feedback gratis,360 degree feedback for free,13,feedback 360,0.767
279,360 graden feedback formulier zorg,360 degree feedback form care,13,feedback 360,0.613
280,360 graden feedback formulier,360 degree feedback form,13,feedback 360,0.704
281,feedback 360,feedback 360,13,feedback 360,1.000
282,360 graden feedback invullen,Fill in 360 degree feedback,13,feedback 360,0.728
283,360 feedback formulier,360 feedback form,13,feedback 360,0.832
284,360 graden feedback medewerkers,360 degree feedback employees,13,feedback 360,0.649
285,360 graden feedback vragenlijst gratis,360 degree feedback questionnaire for free,13,feedback 360,0.686
286,instrument 360 graden feedback,instrument 360 degree feedback,13,feedback 360,0.555
287,vragen 360 graden feedback,ask 360 degree feedback,13,feedback 360,0.829
288,doel 360 graden feedback,target 360 degree feedback,13,feedback 360,0.686
289,360 graden feedback voorbeeld vragen,360 degree feedback example questions,9,360 degree feedback example answers,0.935
290,360 graden feedback voorbeeld,360 degree feedback example,9,360 degree feedback example answers,0.892
291,360 graden beoordeling,360 degree review,13,feedback 360,0.695
292,360 graden feedback formulier leiderschap,360 degree leadership feedback form,13,feedback 360,0.581
293,360 graden feedback test,360 degree feedback test,13,feedback 360,0.630
294,360 beoordeling,360 rating,10,remote management,0.084
295,360 graden feedback systeem,360 degree feedback system,13,feedback 360,0.645
296,feedback 360 graden,feedback 360 degrees,13,feedback 360,0.795
297,functioneringsgesprek voorbereiden,prepare performance interview,82,prepare performance interview,1.000
298,functioneringsgesprek tips,performance appraisal tips,48,performance appraisal tips,1.000
299,verbeterpunten functioneringsgesprek,points for improvement performance interview,82,prepare performance interview,0.755
300,voorbereiden op functioneringsgesprek,preparing for performance interview,82,prepare performance interview,0.954
301,vragen tijdens functioneringsgesprek,questions during performance interview,28,questions during performance interview,1.000
302,doel functioneringsgesprek,target performance review,86,the performance review,0.745
303,voordelen functioneringsgesprek,benefits performance appraisal,48,performance appraisal tips,0.835
304,het functioneringsgesprek,the performance review,86,the performance review,1.000
305,onderwerpen functioneringsgesprek,topics performance review,86,the performance review,0.715
306,persoonlijke evaluatie voorbeeld,personal evaluation example,65,evaluation questionnaire example,0.715
307,positieve feedback voorbeelden,positive feedback examples,61,feedback form example,0.710
308,opbouwende feedback voorbeelden,constructive feedback examples,61,feedback form example,0.664
309,feedback formulier voorbeeld,feedback form example,61,feedback form example,1.000
310,evaluatie vragenlijst voorbeeld,evaluation questionnaire example,65,evaluation questionnaire example,1.000
311,feedback samenwerken voorbeeld,feedback collaboration example,61,feedback form example,0.707
312,evaluatie vragenlijst voorbeeld,evaluation questionnaire example,65,evaluation questionnaire example,1.000
313,evaluatie vragenlijst voorbeeld,evaluation questionnaire example,65,evaluation questionnaire example,1.000
314,waarom feedback vragen,why ask for feedback,75,why ask for feedback,1.000
315,feedback vragenlijst,feedback questionnaire,15,feedback questionnaire,1.000
316,feedback vragen model,ask for feedback model,75,why ask for feedback,0.723
317,feedback vragen over samenwerken,ask for feedback on collaboration,75,why ask for feedback,0.686
318,vragen tijdens functioneringsgesprek,questions during performance interview,28,questions during performance interview,1.000
319,feedback vragenlijst,feedback questionnaire,15,feedback questionnaire,1.000
320,feedback geven,to give feedback,78,giving and receiving feedback,0.746
321,feedback geven en ontvangen,giving and receiving feedback,78,giving and receiving feedback,1.000
322,wat is feedback geven,what is giving feedback,17,what is abstract reasoning,0.134
323,leiderschapskwaliteiten,leadership qualities,32,situational leadership,0.643
324,wat zijn leiderschapskwaliteiten,what are leadership qualities,25,what are leadership qualities,1.000
325,goede leiderschapskwaliteiten,good leadership qualities,32,situational leadership,0.599
326,welke leiderschapskwaliteiten zijn er,what leadership qualities are there,25,what are leadership qualities,0.961
327,leiderschapsstijlen,leadership styles,11,leadership styles,1.000
328,situationeel leiderschap,situational leadership,32,situational leadership,1.000
329,4 leiderschapsstijlen,4 leadership styles,11,leadership styles,0.892
330,directief leiderschap,directive leadership,32,situational leadership,0.479
331,soorten leiderschapsstijlen covey,types of leadership styles covey,7,types of leadership,0.825
332,ondersteunend leiderschap,supportive leadership,32,situational leadership,0.635
333,leiderschapskwaliteiten,leadership qualities,32,situational leadership,0.643
334,goede leider,good leader,24,qualities of a leader,0.587
335,eigenschappen leider,traits leader,89,leader traits,0.945
336,eigenschappen van een leider,qualities of a leader,24,qualities of a leader,1.000
337,slechte eigenschappen leider,bad qualities leader,24,qualities of a leader,0.822
338,wat zijn leiderschapskwaliteiten,what are leadership qualities,25,what are leadership qualities,1.000
339,welke leiderschapskwaliteiten zijn er,what leadership qualities are there,25,what are leadership qualities,0.961
340,goede leiderschapskwaliteiten,good leadership qualities,32,situational leadership,0.599
341,persoonlijk leiderschap,personal leadership,32,situational leadership,0.680
342,soorten leiderschap,types of leadership,7,types of leadership,1.000
343,wat is leiderschap,what is leadership,63,what is leadership,1.000
344,ontwikkeling leiderschap,leadership development,62,developing leadership,0.953
345,waarom is leiderschap belangrijk,why is leadership important,37,why is communication important in a team,0.522
346,leiderschap ontwikkelen,developing leadership,62,developing leadership,1.000
347,wat is goed leiderschap,what is good leadership,63,what is leadership,0.794
348,leiderschap verbeteren,improve leadership,32,situational leadership,0.656
349,wat is effectief leiderschap,what is effective leadership,63,what is leadership,0.782
350,kenmerken goed leiderschap,characteristics of good leadership,46,leadership characteristics,0.895
351,goed leiderschap kenmerken,good leadership characteristics,46,leadership characteristics,0.911
352,kenmerken van leiderschap,characteristics of leadership,46,leadership characteristics,0.979
353,visie op leiderschap,vision on leadership,32,situational leadership,0.611
354,goede leiders voorbeelden,good leaders examples,24,qualities of a leader,0.725
355,hr rapporten,hr reports,56,hr research,0.783
356,hr rapportage voorbeeld,hr reporting example,19,hr tools,0.635
357,hr tools,hr tools,19,hr tools,1.000
358,talent tool,talent tool,60,talent strategy,0.657
359,hr tools voorbeelden,hr tools examples,19,hr tools,0.944
360,wat zijn hr tools,what are hr tools,19,hr tools,0.922
361,hr tools gratis,hr tools gratis,19,hr tools,0.935
362,hr software,hr software,99,hr software,1.000
363,360 graden feedback software,360 degree feedback software,13,feedback 360,0.693
364,competentiemanagement software,competency management software,10,remote management,0.351
365,beste hr software,best HR software,99,hr software,0.921
366,rekrutering software,recruitment software,35,recruitment strategy,0.742
367,werken op afstand,working remotely,97,work remotely,0.964
368,afstand werken,working remotely,97,work remotely,0.964
369,op afstand werken,work remotely,97,work remotely,1.000
370,managen op afstand,remote management,10,remote management,1.000
371,communiceren op afstand,communicate remotely,10,remote management,0.679
372,high performance team,high performance team,42,high performance team,1.000
373,team charter,team charter,3,building a team,0.619
374,team performance,team performance,48,performance appraisal tips,0.474
375,team motiveren,motivate team,3,building a team,0.707
376,waarom is communicatie belangrijk in een team,why is communication important in a team,37,why is communication important in a team,1.000
377,teamdynamiek verbeteren,improve team dynamics,3,building a team,0.664
378,teamdynamiek betekenis,team dynamics meaning,3,building a team,0.602
379,high performing teams lencioni,high performing teams lencioni,42,high performance team,0.752
380,kenmerken high performance team,features high performance team,42,high performance team,0.754
381,wat is teamontwikkeling,what is team development,90,what is a good team,0.482
382,teamontwikkeling tuckman,team development tuckman,38,developing a team,0.527
383,teamontwikkeling training,team development training,38,developing a team,0.815
384,teamontwikkeling betekenis,team development meaning,38,developing a team,0.788
385,teamontwikkeling definitie,team development definition,38,developing a team,0.778
386,leiderschapsteam,unfortunately schapsteam,10,remote management,0.125
387,performance team,performance team,48,performance appraisal tips,0.488
388,wat is een goed team,what is a good team,90,what is a good team,1.000
389,team beter laten functioneren,make the team function better,79,make the team function better,1.000
390,doelstellingen team,team goals,3,building a team,0.567
391,communicatie verbeteren in een team,improve communication in a team,3,building a team,0.583
392,team doelstellingen,team goals,3,building a team,0.567
393,kenmerken van een team,characteristics of a team,46,leadership characteristics,0.639
394,succesvolle teams,successful teams,92,successful teams,1.000
395,voorbeeld succesvol team,example successful team,92,successful teams,0.861
396,sterke teams,strong teams,3,building a team,0.676
397,communicatie team verbeteren,improve communication team,3,building a team,0.546
398,verbeteren van teams,improving teams,3,building a team,0.774
399,kwaliteiten team,qualities team,3,building a team,0.611
400,team opbouwen,building a team,3,building a team,1.000
401,vertrouwen herstellen in team,restore trust in team,96,restore trust in team,1.000
402,teamwork verbeteren,improve teamwork,10,remote management,0.281
403,team ontwikkelen,developing a team,38,developing a team,1.000
404,team functioneert niet,team is not functioning,80,team is not functioning,1.000
405,de kracht van high performance teams,the power of high performance teams,83,the power of high performance teams,1.000
406,welkom nieuwe collega,welcome new colleague,94,welcome new colleague,1.000
407,introductietekst nieuwe medewerker voorbeeld,introduction text new employee example,6,new employees,0.644
408,nieuwe medewerkers,new employees,6,new employees,1.000
409,verwelkoming nieuwe medewerker,welcome new employee,31,welcome new employee,1.000
410,welkomstpakket nieuwe medewerker,welcome package new employee,31,welcome new employee,0.850
411,onboarding nieuwe medewerkers,onboarding new employees,6,new employees,0.719
412,nieuwe medewerker welkom heten,welcome new employee,31,welcome new employee,1.000
413,welkom nieuwe collega kaart,welcome new colleague card,94,welcome new colleague,0.765
414,nieuwe medewerkers welkom heten,welcoming new employees,31,welcome new employee,0.797
415,introductie nieuwe medewerker,introduction new employee,6,new employees,0.799
416,nieuwe collega welkom heten,welcome new colleague,94,welcome new colleague,1.000
417,vragenlijst nieuwe medewerker,questionnaire new employee,6,new employees,0.653
418,nieuwe collega welkom heten tekst,welcome new colleague text,94,welcome new colleague,0.825
419,nieuwe collega ontvangen,receive a new colleague,94,welcome new colleague,0.787
420,onboarding nieuwe medewerkers,onboarding new employees,6,new employees,0.719
421,onboarding programma,onboarding program,26,onboarding proces,0.832
422,onboarding film,onboarding film,26,onboarding proces,0.631
423,onboarding op afstand,remote onboarding,26,onboarding proces,0.634
424,onboarding kosten,onboarding costs,26,onboarding proces,0.666
425,onboarding onderzoek,onboarding research,26,onboarding proces,0.736
426,trends onboarding,trends onboarding,26,onboarding proces,0.649
427,onboarding strategie,onboarding strategy,26,onboarding proces,0.772
428,onboarding medewerkers,onboarding employees,26,onboarding proces,0.683
429,waarom onboarding,why onboarding,26,onboarding proces,0.691
430,medewerkers motiveren,motivate employees,77,motivate employees,1.000
431,motiveren van medewerkers,motivating employees,77,motivate employees,0.988
432,medewerkers motiveren,motivate employees,77,motivate employees,1.000
433,motiveren van medewerkers,motivating employees,77,motivate employees,0.988
434,betrokkenheid medewerkers,employee involvement,57,employee involvement,1.000
435,betrokkenheid medewerkers stimuleren,stimulate employee involvement,57,employee involvement,0.876
436,medewerkers betrekken bij organisatie,involving employees in the organization,40,involvement organization,0.601
437,betrokkenheid medewerkers stimuleren,stimulate employee involvement,57,employee involvement,0.876
438,faciliteren medewerkers,facilitate employees,22,attract employees,0.674
439,medewerkersbetrokkenheid vergroten,increase employee engagement,0,employee engagement,0.917
440,medewerkersbetrokkenheidsonderzoek,employee engagement survey,0,employee engagement,0.844
441,betrokken medewerkers theorie,involved employees theory,57,employee involvement,0.808
442,motivatiefactoren medewerkers,motivation factors employees,77,motivate employees,0.794
443,betrokkenheid medewerkers theorie,employee engagement theory,0,employee engagement,0.903
444,medewerkers behouden,retain employees,22,attract employees,0.591
445,retentie van medewerkers,employee retention,22,attract employees,0.570
446,medewerkerstevredenheidsonderzoek vragenlijst voorbeeld,employee satisfaction survey questionnaire example,93,satisfaction survey questionnaire example,0.868
447,werknemers betrokkenheid,employee engagement,0,employee engagement,1.000
448,betrokkenheid werknemers,employee involvement,57,employee involvement,1.000
449,betrokkenheid organisatie,involvement organization,40,involvement organization,1.000
450,werknemers motiveren beloning,employees motivate reward,36,reward employees,0.884
451,tevredenheidsonderzoek vragenlijst voorbeeld,satisfaction survey questionnaire example,93,satisfaction survey questionnaire example,1.000
452,vragenlijst motivatie medewerkers,employee motivation questionnaire,77,motivate employees,0.743
453,vragenlijst nieuwe medewerker,questionnaire new employee,6,new employees,0.653
454,werktevredenheid vragenlijst,job satisfaction questionnaire,15,feedback questionnaire,0.497
455,medewerkerstevredenheidsonderzoek vragenlijst voorbeeld,employee satisfaction survey questionnaire example,93,satisfaction survey questionnaire example,0.868
456,vragenlijst motivatie medewerkers,employee motivation questionnaire,77,motivate employees,0.743
457,weerstand tegen verandering,resistance to change,58,resistance to change,1.000
458,omgaan met weerstand model,dealing with resistance model,52,dealing with resistance to change,0.673
459,weerstand verandering,resistance change,5,resistance change,1.000
460,weerstand bij verandering model,resistance to model change,58,resistance to change,0.789
461,weerstand bij verandering kotter,resistance to change cutter,58,resistance to change,0.660
462,omgaan met weerstand model,dealing with resistance model,52,dealing with resistance to change,0.673
463,omgaan met weerstand bij verandering,dealing with resistance to change,52,dealing with resistance to change,1.000
464,weerstand bij veranderingsprocessen,resistance to change processes,58,resistance to change,0.790
465,weerstand bij verandering,resistance to change,58,resistance to change,1.000
466,definitie weerstand bij veranderingen,definition resistance to change,58,resistance to change,0.900
467,weerstand bij veranderingen,resistance to change,58,resistance to change,1.000
468,verandermanagement,change management,71,change management,1.000
469,verandermanagement modellen,change management models,71,change management,0.873
470,waarom verandermanagement,why change management,23,why change management,1.000
471,waarom verandermanagement,why change management,23,why change management,1.000
472,wat is verandermanagement,what is change management,88,what is change management,1.000
473,verandermanagement betekenis,change management meaning,71,change management,0.913
474,verandermanagement definitie,change management definition,71,change management,0.904
475,verandermanagement modellen kotter,change management models cutter,71,change management,0.692
476,wat is verandermanagement,what is change management,88,what is change management,1.000
477,verandermanagement definitie,change management definition,71,change management,0.904
478,verandermanagement communicatie,change management communication,71,change management,0.854
479,theorie verandermanagement,theory change management,71,change management,0.763
480,weerstand tegen verandering,resistance to change,58,resistance to change,1.000
481,weerstand verandering,resistance change,5,resistance change,1.000
482,weerstand bij verandering model,resistance to model change,58,resistance to change,0.789
483,weerstand bij verandering kotter,resistance to change cutter,58,resistance to change,0.660
484,verandering in organisatie,change in organization,50,organization and change,0.953
485,organisatieverandering voorbeelden,organizational change examples,5,resistance change,0.324
486,omgaan met weerstand bij verandering,dealing with resistance to change,52,dealing with resistance to change,1.000
487,weerstand bij veranderingsprocessen,resistance to change processes,58,resistance to change,0.790
488,organisatie en verandering,organization and change,50,organization and change,1.000
489,weerstand bij verandering,resistance to change,58,resistance to change,1.000
490,definitie weerstand bij veranderingen,definition resistance to change,58,resistance to change,0.900
491,weerstand bij veranderingen,resistance to change,58,resistance to change,1.000
492,veranderingsprocessen in organisaties,change processes in organizations,50,organization and change,0.771
493,veranderingen in organisaties,changes in organizations,50,organization and change,0.886
494,organisatieverandering definitie,organizational change definition,5,resistance change,0.347
495,voordelen diversiteit,benefits diversity,43,benefits diversity,1.000
496,voordelen diversiteit in de samenleving,benefits diversity in society,43,benefits diversity,0.922
497,diversiteit personeelsbestand,workforce diversity,10,remote management,0.230
498,culturele diversiteit op het werk,cultural diversity at work,97,work remotely,0.270
499,wat is culturele diversiteit,what is cultural diversity,17,what is abstract reasoning,0.154
500,voordelen van diversiteit,benefits of diversity,43,benefits diversity,0.957
501,voordelen culturele diversiteit,benefits of cultural diversity,43,benefits diversity,0.838
502,successieplanning hr,succession planning hr,56,hr research,0.533
503,hr blog,hr blog,56,hr research,0.677
504,hr whitepapers,hr whitepapers,56,hr research,0.630
505,hr onderzoeken,hr research,56,hr research,1.000
506,succession planning hr,succession planning hr,56,hr research,0.533
507,wat is talent,what is talent,17,what is abstract reasoning,0.098
508,talent management definitie,talent management definition,8,talent management in practice,0.860
509,talent management vacature,talent management vacancy,8,talent management in practice,0.795
510,talent strategie,talent strategy,60,talent strategy,1.000
511,talent management betekenis,talent management meaning,8,talent management in practice,0.864
512,talentmanagement in de praktijk,talent management in practice,8,talent management in practice,1.000
513,talent management strategie,talent management strategy,60,talent strategy,0.903
514,waarom talentmanagement,why talent management,8,talent management in practice,0.844
515,strategisch talentmanagement,strategic talent management,8,talent management in practice,0.818
516,beloningssysteem werknemers,employee reward system,36,reward employees,0.873
517,beloning werknemers,remuneration employees,22,attract employees,0.495
518,werknemers belonen,reward employees,36,reward employees,1.000
519,werknemers motiveren beloning,employees motivate reward,36,reward employees,0.884
520,hoe werknemers belonen,how to reward employees,36,reward employees,0.918
521,medewerkers belonen,reward employees,36,reward employees,1.000
522,personeel belonen,reward staff,10,remote management,0.287
523,personeelsverloop,staff turnover,54,staff turnover,1.000
524,hoog personeelsverloop,high staff turnover,54,staff turnover,0.915
525,oorzaken personeelsverloop,causes of staff turnover,54,staff turnover,0.881
526,personeelsverloop berekenen,calculate employee turnover,22,attract employees,0.420
527,ppa betekenis,ppa meaning,66,ppa meaning,1.000
528,ppa test,ppa test,20,job test,0.469
529,ppa assessment,ppa assessment,1,assessment training,0.458
530,thomas international ppa,thomas international ppa,39,ppa training,0.612
531,ppa meaning,ppa meaning,66,ppa meaning,1.000
532,ppa assessment tips,ppa assessment tips,1,assessment training,0.502
533,ppa assessment voorbeeld,ppa assessment example,1,assessment training,0.469
534,ppa vragenlijst,ppa questionnaire,15,feedback questionnaire,0.582
535,ppa nederland,ppa nederland,39,ppa training,0.455
536,ppa disc meaning,ppa disc meaning,66,ppa meaning,0.777
537,ppa school,ppa school,39,ppa training,0.773
538,wat betekent ppa,what does ppa mean,66,ppa meaning,0.983
539,wat is ppa,what is ppa,17,what is abstract reasoning,0.152
540,persoonlijke profiel analyse,personal profile analysis,49,profile analysis,0.845
541,assessment oefenen,practice assessment,16,practice assessment,1.000
542,assessment tests oefenen,practice assessment tests,16,practice assessment,0.931
543,assessment oefenen gratis,assessment practice for free,91,assessment practice for free,1.000
544,assessments oefenen gratis,assessments practice for free,91,assessment practice for free,0.968
545,ltp assessment oefenen gratis,ltp assessment practice for free,91,assessment practice for free,0.710
546,psychometrische test oefenen,practice psychometric test,72,psychometric test,0.934
547,assessment oefenen ltp,practice assessment ltp,16,practice assessment,0.760
548,assessment oefenen boek,assessment practice book,16,practice assessment,0.769
549,gia assessment oefenen,practice gia assessment,16,practice assessment,0.311
550,ontwikkel assessment oefenen,development assessment practice,16,practice assessment,0.685
551,online assessment oefenen,practice online assessment,16,practice assessment,0.702
552,ontwikkelingsassessment oefenen,practice development assessment,16,practice assessment,0.842
553,disc kleuren,disc colors,34,disc personality,0.502
554,disc model test,disc model test,12,disc test,0.892
555,disc analyse,disc analyse,34,disc personality,0.521
556,disc test kopen,disc test kopen,12,disc test,0.801
557,disc vragenlijst pdf,disc questionnaire pdf,68,disc questionnaire pdf,1.000
558,disc theorie,disc theorie,34,disc personality,0.627
559,disc profiel uitleg,disc profile explanation,87,disc profile,0.903
560,disc nederlands,disc nederlands,34,disc personality,0.400
561,disc analyse 4 profielen,disc analysis 4 profiles,49,profile analysis,0.592
562,disc certificering,disc certificering,34,disc personality,0.437
563,assessment center,assessment center,47,assessment center,1.000
564,assessment center betekenis,assessment center meaning,47,assessment center,0.863
565,assessment center hudson,assessment center hudson,47,assessment center,0.776
566,assessment center antwerpen,assessment center antwerp,47,assessment center,0.780
567,assessment center methode,assessment center methode,47,assessment center,0.852
568,wat is een assessment center,what is an assessment center,69,what is an online assessment,0.627
569,gia antwerpen,gia antwerp,53,gia assessment,0.440
570,gia certificaat,gia certificate,53,gia assessment,0.692
571,gia assessment,gia assessment,53,gia assessment,1.000
572,gia check,gia check,53,gia assessment,0.717
573,gia rapport,already rapport,10,remote management,0.218
574,gia assessment tips,gia assessment tips,53,gia assessment,0.927
575,assessment voorbeeld,assessment example,1,assessment training,0.741
576,ontwikkelassessment voorbeeld,development assessment example,1,assessment training,0.608
577,ait assessment voorbeeld,ait assessment example,1,assessment training,0.502
578,online assessment,online assessment,1,assessment training,0.687
579,online assessment training,online assessment training,1,assessment training,0.807
580,wat is een online assessment,what is an online assessment,69,what is an online assessment,1.000
