id,Topic,SubTopic,Keyword,Keyword_ENG,cluster,LABELS,Semantic_score
0,Testen,Persoonlijkheidstest,persoonlijkheidstests,personality tests,110,personal test,0.639
1,Testen,Persoonlijkheidstest,persoonlijkheidstest,personality test,110,personal test,0.685
2,Training en ontwikkeling,persoonlijke ontwikkeling,verschillende persoonlijkheden,different personalities,9,describe personal development,0.424
3,Training en ontwikkeling,persoonlijke ontwikkeling,persoonlijkheidstypen kleuren,personality types coloring,9,describe personal development,0.300
4,Testen,Persoonlijkheidstest,persoonlijkheidstest psychologie,personality test psychology,110,personal test,0.610
5,Evaluatie,vragen,persoonlijkheidsvragenlijst,personality questionnaire,16,feedback questionnaire,0.626
6,Testen,Persoonlijkheidstest,persoonlijkheidstest mbti,personality test mbti,110,personal test,0.511
7,Training en ontwikkeling,persoonlijke ontwikkeling,persoonlijkheid kenmerken,personality traits,9,describe personal development,0.491
8,Testen,Persoonlijkheidstest,disc persoonlijkheidstest,disc personality test,61,disc personality,0.842
9,Testen,Persoonlijkheidstest,jung persoonlijkheidstest,jung personality test,1,personality test jung,0.989
10,Testen,Persoonlijkheidstest,personaliteits test,personality test,110,personal test,0.685
11,Testen,Persoonlijkheidstest,persoonlijk test,personal test,110,personal test,1.000
12,Testen,Persoonlijkheidstest,persoonlijkheidstest jung,personality test jung,1,personality test jung,1.000
13,Testen,Persoonlijkheidstest,big five persoonlijkheidsmodel,big five personality model,116,big five personality model,1.000
14,Testen,Persoonlijkheidstest,persoonlijke testen,personal tests,110,personal test,0.965
15,Testen,Persoonlijkheidstest,disc persoonlijkheid,disc personality,61,disc personality,1.000
16,Testen,Persoonlijkheidstest,online persoonlijkheidstest,online personality test,110,personal test,0.570
17,Testen,Persoonlijkheidstest,thomas test persoonlijkheid,thomas personality test,110,personal test,0.510
18,Testen,profielanalyse,persoonlijk profiel analyse,personal profile analysis,45,profile analysis,0.845
19,Testen,Persoonlijkheidstest,disk persoonlijkheidstest,disk personality test,110,personal test,0.514
20,Testen,Persoonlijkheidstest,persoonlijke kwaliteiten test,personal qualities test,110,personal test,0.675
21,Testen,Persoonlijkheidstest,zelftest persoonlijkheid,self test personality,110,personal test,0.673
22,Training en ontwikkeling,persoonlijke ontwikkeling,sterke punten persoonlijkheid,strengths personality,9,describe personal development,0.382
23,Testen,Persoonlijkheidstest,persoonlijkheidstesten soorten,personality tests types,110,personal test,0.522
24,Testen,Gedrag,gedragsstijlen test,behavioral style test,112,test your behavior,0.619
25,Testen,Gedrag,test je gedrag,test your behavior,112,test your behavior,1.000
26,Testen,Redeneren,abstract redeneervermogen,abstract reasoning ability,25,abstract reasoning,0.878
27,Testen,Redeneren,abstract redeneren,abstract reasoning,25,abstract reasoning,1.000
28,Testen,Redeneren,numeriek redeneren,numerical reasoning,0,numerical reasoning meaning,0.850
29,Testen,Redeneren,inductief redeneren,inductive reasoning,98,inductive reasoning,1.000
30,Testen,Redeneren,redeneertesten,reasoning tests,124,reasoning tests,1.000
31,Testen,Redeneren,deductief redeneren,deductive reasoning,0,numerical reasoning meaning,0.436
32,Testen,Redeneren,test abstract redeneervermogen,test abstract reasoning ability,25,abstract reasoning,0.757
33,Testen,Redeneren,numeriek redeneervermogen,numerical reasoning ability,0,numerical reasoning meaning,0.792
34,Testen,Redeneren,verbaal redeneervermogen,verbal reasoning ability,127, verbal reasoning,0.869
35,Testen,Redeneren,redeneren betekenis,reason meaning,31,reason meaning,1.000
36,Testen,Redeneren,deductief redeneren test,deductive reasoning test,124,reasoning tests,0.819
37,Testen,Redeneren,abstract redeneren hudson,abstract reasoning hudson,25,abstract reasoning,0.730
38,Testen,Redeneren,redenering betekenis,reasoning meaning,31,reason meaning,0.636
39,Testen,Redeneren,test logisch redeneren,test logical reasoning,124,reasoning tests,0.879
40,Testen,Redeneren,verbaal redeneren oefenen,practice verbal reasoning,127, verbal reasoning,0.890
41,Testen,Redeneren,test inductief redeneren,test inductive reasoning,98,inductive reasoning,0.862
42,Testen,Redeneren,abstract redeneren waarom,abstract reasoning ,25,abstract reasoning,1.000
43,Testen,Redeneren,test abstract redeneervermogen boek,test abstract reasoning book,25,abstract reasoning,0.682
44,Testen,Redeneren,abstract redeneervermogen hudson,abstract reasoning hudson,25,abstract reasoning,0.730
45,Testen,Redeneren,redeneringstesten oefenen,practice reasoning tests,124,reasoning tests,0.927
46,Testen,Redeneren,numeriek redeneren hudson,numerical reasoning hudson,0,numerical reasoning meaning,0.607
47,Testen,Redeneren,numerieke reeksen oefenen,practice numerical sequences,97,practice numerical sequences,1.000
48,Testen,Redeneren,verbaal redeneren test,verbal reasoning test,17,verbal reasoning test,1.000
49,Testen,Redeneren,wat is verbaal redeneren, verbal reasoning,127, verbal reasoning,1.000
50,Testen,Redeneren,verbaal abstract redeneren betekenis,verbal abstract reasoning meaning,25,abstract reasoning,0.780
51,Testen,Redeneren,logisch redeneervermogen,logical reasoning,0,numerical reasoning meaning,0.426
52,Testen,Redeneren,logisch redeneren betekenis,logical reasoning meaning,31,reason meaning,0.507
53,Testen,Redeneren,inductief logisch redeneren,inductive logical reasoning,98,inductive reasoning,0.918
54,Testen,Redeneren,wat is abstract redeneren, abstract reasoning,25,abstract reasoning,1.000
55,Testen,Redeneren,abstract redeneervermogen domino,abstract reasoning dominoes,25,abstract reasoning,0.784
56,Testen,Redeneren,abstracte redeneertest hudson,abstract reasoning test hudson,25,abstract reasoning,0.634
57,Testen,Redeneren,numerical reasoning test nederlands,numerical reasoning test nederlands,0,numerical reasoning meaning,0.599
58,Testen,Redeneren,verbal reasoning test nederlands,verbal reasoning test nederlands,17,verbal reasoning test,0.819
59,Testen,Redeneren,numeriek redeneren betekenis,numerical reasoning meaning,0,numerical reasoning meaning,1.000
60,Testen,Intelligentie,iq test,iq test,74,iq test,1.000
61,Testen,Intelligentie,emotionele intelligentie,emotional intelligence,42,emotional intelligence,1.000
62,Testen,Intelligentie,test intelligence,test intelligence,14,test intelligence,1.000
63,Testen,Intelligentie,iq test nederlands,iq test netherlands,46,iq test netherlands,1.000
64,Testen,Intelligentie,emotioneel intelligent,emotionally intelligent,42,emotional intelligence,0.879
65,Testen,Intelligentie,intelligentietest psycholoog,intelligence test psychologist,14,test intelligence,0.827
66,Testen,Intelligentie,iq test training,iq test training,74,iq test,0.848
67,Testen,Intelligentie,gratis online iq test,free online iq test,74,iq test,0.695
68,Testen,Intelligentie,intelligentie structuur test,intelligence structure test,14,test intelligence,0.797
69,Testen,Intelligentie,algemene intelligentie,general intelligence,28,general intelligence,1.000
70,Testen,Intelligentie,lage emotionele intelligentie,low emotional intelligence,42,emotional intelligence,0.855
71,Testen,Intelligentie,hoge emotionele intelligentie,high emotional intelligence,42,emotional intelligence,0.907
72,Testen,Intelligentie,numerieke intelligentie,numerical intelligence,28,general intelligence,0.604
73,Testen,Intelligentie,general intelligence test,general intelligence test,14,test intelligence,0.861
74,Testen,Intelligentie,cognitieve intelligentie test,cognitive intelligence test,14,test intelligence,0.776
75,Testen,Intelligentie,intelligentietest volwassenen,intelligence test adults,14,test intelligence,0.813
76,Testen,profielanalyse,intelligentie test oefenen,practice intelligence test,38,ppa test practice,0.353
77,Testen,Intelligentie,intelligentieonderzoek volwassenen,intelligence research adults,141,intelligence research adults,1.000
78,Testen,solliciteren,teique test,test to you,7,job test,0.565
79,Testen,Intelligentie,eq test scores,eq test scores,122,free eq test,0.700
80,Testen,Intelligentie,hoe werkt een iq test,how does an iq test work,74,iq test,0.818
81,Testen,Intelligentie,onderdelen iq test,parts iq test,74,iq test,0.687
82,Testen,Intelligentie,online iq test nederlands,online iq test dutch,74,iq test,0.655
83,Testen,Intelligentie,iq test belgië,iq test belgium,74,iq test,0.733
84,Testen,Intelligentie,uitleg iq testen,explanation iq testing,74,iq test,0.838
85,Testen,Intelligentie,eq test gratis,free eq test,122,free eq test,1.000
86,Testen,Vaardigheden,eq test betekenis,eq test meaning,102,cognitive test meaning,0.405
87,Testen,Leiderschap,eigenschappen leiderschap,leadership qualities,120,leadership qualities,1.000
88,Testen,Leiderschap,leiderschapskwaliteiten test,leadership qualities test,120,leadership qualities,0.856
89,Testen,Leiderschap,leiderschap kenmerken,leadership characteristics,56,leadership characteristics,1.000
90,Leiderschap,leiderschapstijlen,leiderschapsstijlen kleuren,coloring leadership styles,64,leadership styles,0.768
91,Testen,Leiderschap,leider eigenschappen,leader traits,49,leader traits,1.000
92,Testen,Leiderschap,kwaliteiten van een leider,qualities of a leader,85,qualities of a leader,1.000
93,Testen,Leiderschap,kenmerken leiderschap,characteristics of leadership,56,leadership characteristics,0.979
94,Testen,Leiderschap,leiderschap test,leadership test,36,leadership test,1.000
95,Leiderschap,leiderschapstijlen,situationeel leiderschap test,situational leadership test,10,situational leadership,0.779
96,Testen,Leiderschap,kleuren leiderschap test,color leadership test,36,leadership test,0.771
97,Testen,Leiderschap,leiderschapsstijlen test hersey en blanchard,leadership styles test hersey and blanchard,133,leadership styles test hersey and blanchard,1.000
98,Testen,Leiderschap,test leiderschapsstijl,test leadership style,36,leadership test,0.887
99,Testen,Intelligentie,cognitieve test,cognitive test,14,test intelligence,0.580
100,Testen,Vaardigheden,cognitieve vaardigheden,cognitive skills,101,cognitive skills,1.000
101,Testen,Vaardigheden,planningsvaardigheden testen,testing planning skills,91,testing planning skills,1.000
102,Testen,Vaardigheden,cognitieve vaardigheden test,cognitive skills test,101,cognitive skills,0.794
103,Testen,Vaardigheden,vaardigheden test,skills test,101,cognitive skills,0.656
104,Testen,Intelligentie,cognitieve capaciteitentest,cognitive ability test,14,test intelligence,0.594
105,Testen,Intelligentie,wat is een cognitieve test, a cognitive test,14,test intelligence,0.591
106,Testen,Vaardigheden,cognitieve test betekenis,cognitive test meaning,102,cognitive test meaning,1.000
107,Testen,Vaardigheden,cognitieve vaardigheden test gratis,cognitive skills test free,101,cognitive skills,0.590
108,Testen,Intelligentie,cognitieve intelligentie test,cognitive intelligence test,14,test intelligence,0.776
109,Testen,Redeneren,ait betekenis,ait meaning,31,reason meaning,0.108
110,Assessment,ppa,ait assessment,ait assessment,2,ppa assessment,0.287
111,Testen,ait,ait test voorbeeld,ait test example,149,ait test example,1.000
112,Testen,psychometrie,teique,teik,19,psychometrie,0.200
113,Testen,psychometrie,teiq,teiq,19,psychometrie,0.133
114,Assessment,ppa,teique assessment,teique assessment,2,ppa assessment,0.317
115,Testen,disc,disc test,disc test,29,disc test,1.000
116,Testen,disc,disc profiel,disc profile,105,disc profile,1.000
117,Testen,Persoonlijkheidstest,disc persoonlijkheidstest,disc personality test,61,disc personality,0.842
118,Testen,disc,disc model test,disc model test,29,disc test,0.892
119,Testen,profielanalyse,disc profiel test,disc profile test,145,profile test,0.663
120,Testen,profielanalyse,disc test gratis,test disc for free,99,ppa test for free,0.572
121,Testen,Persoonlijkheidstest,disc persoonlijkheid,disc personality,61,disc personality,1.000
122,Testen,disc,disc uitleg,disc explanation,105,disc profile,0.696
123,Testen,disc,disc vragenlijst pdf,disc questionnaire pdf,70,disc questionnaire pdf,1.000
124,Testen,disc,disc test nederlands,disc test nederlands,29,disc test,0.749
125,Testen,disc,disc test download,disc test download,29,disc test,0.800
126,Testen,profielanalyse,gia test oefenen,practice gia test,38,ppa test practice,0.350
127,Testen,Intelligentie,gia test gratis,gia test free,122,free eq test,0.554
128,Testen,Intelligentie,gia test score,gia test score,122,free eq test,0.314
129,Testen,psychometrie,consciëntieusheid,conscientiousness,19,psychometrie,0.381
130,Testen,solliciteren,tascnet test,tascnet test,7,job test,0.408
131,Testen,profielanalyse,psychotechnische testen oefenen,practice psychotechnical tests,38,ppa test practice,0.397
132,Testen,solliciteren,analytische test,analytical test,7,job test,0.348
133,Testen,solliciteren,welke kleur ben ik test, color am i testing,7,job test,0.417
134,Testen,overige testen,hersey en blanchard test,hersey in blanchard test,88,hersey in blanchard test,1.000
135,Testen,overige testen,loopbaanbegeleiding online test,career guidance online test,96,career guidance online test,1.000
136,Testen,overige testen,wat zijn mijn zwakke punten test, are my weaknesses test,76, are my weaknesses test,1.000
137,Testen,overige testen,wat is een assessment test, an assessment test,106, an assessment test,1.000
138,Testen,solliciteren,hpti test,hpti test,7,job test,0.326
139,Testen,solliciteren,emoties herkennen test,recognize emotions test,7,job test,0.418
140,Testen,leervermogen,leervermogen,learning ability,24,learning ability,1.000
141,Testen,leervermogen,leervermogen testen,test learning ability,24,learning ability,0.767
142,Testen,leervermogen,leervermogen competentie,learning ability competence,24,learning ability,0.875
143,Testen,leervermogen,interactief leervermogen,interactive learning ability,24,learning ability,0.710
144,Testen,psychometrie,psychometrie,psychometrie,19,psychometrie,1.000
145,Testen,psychometrie,psychometric test,psychometric test,58,psychometric test,1.000
146,Testen,Redeneren,psychometrie betekenis,psychometric meaning,31,reason meaning,0.112
147,Testen,psychometrie,psychometrisch,psychometrisch,19,psychometrie,0.909
148,Testen,psychometrie,wat is een psychometrische test, a psychometric test,58,psychometric test,0.952
149,Testen,psychometrie,wat is psychometrie, psychometry,19,psychometrie,0.572
150,Testen,psychometrie,psychometric test characters,psychometric test characters,58,psychometric test,0.764
151,Testen,Redeneren,psychometrische eigenschappen betekenis,psychometric properties meaning,31,reason meaning,0.093
152,Testen,psychometrie,psychometric test meaning,psychometric test meaning,58,psychometric test,0.875
153,Testen,psychotechnisch,psychotechnische testen,psychotechnical testing,81,psychotechnical testing,1.000
154,Testen,psychotechnisch,psychotechnische testen voorbeelden,psychotechnical testing examples,81,psychotechnical testing,0.932
155,Evaluatie,vragen,vragenlijst emoties,questionnaire emotions,16,feedback questionnaire,0.608
156,Testen,psychotechnisch,wat zijn psychotechnische testen, are psychotechnical tests,81,psychotechnical testing,0.933
157,Testen,profielanalyse,ppa test oefenen,ppa test practice,38,ppa test practice,1.000
158,Training en ontwikkeling,training,ppa analyse,ppa analyse,137,ppa training,0.683
159,Testen,profielanalyse,spa analyse,spa analyse,129,spa analyse,1.000
160,Testen,profielanalyse,ppa test gratis,ppa test for free,99,ppa test for free,1.000
161,Assessment,ppa,ppa assessment test,ppa assessment test,2,ppa assessment,0.923
162,Training en ontwikkeling,training,ppa online,ppa online,137,ppa training,0.679
163,Testen,profielanalyse,profielanalyse,profile analysis,45,profile analysis,1.000
164,Testen,profielanalyse,profiel test,profile test,145,profile test,1.000
165,Testen,profielanalyse,profile dynamics vragenlijst,profile dynamics questionnaire,146,profile dynamics questionnaire,1.000
166,Testen,psychologie,psychologische testen,psychological tests,92,psychological tests,1.000
167,Testen,psychologie,psychologische testen oefenen,practice psychological tests,92,psychological tests,0.901
168,Testen,psychologie,psychologische testen overzicht,psychological testing overview,92,psychological tests,0.847
169,Testen,solliciteren,job test,job test,7,job test,1.000
170,Testen,solliciteren,aptitude test,aptitude test,143,aptitude test,1.000
171,Testen,solliciteren,sollicitatietesten,job application tests,7,job test,0.807
172,Testen,Redeneren,aptitude betekenis,aptitude meaning,31,reason meaning,0.198
173,Testen,solliciteren,candidate test,candidate test,7,job test,0.661
174,Testen,numeriek,numerieke testen,numerical tests,59,numerical tests,1.000
175,Testen,profielanalyse,numerieke testen sollicitatie oefenen,numerical tests application practice,38,ppa test practice,0.360
176,Testen,numeriek,numerieke testen hudson,numerical tests hudson,59,numerical tests,0.667
177,Testen,numeriek,numerieke inzicht test ltp,numerical insight test ltp,59,numerical tests,0.581
178,Testen,numeriek,numerieke testen tips,numerical testing tips,59,numerical tests,0.869
179,Testen,nauwkeurigheid,nauwkeurigheidstest,accuracy test,90,accuracy test,1.000
180,Testen,Redeneren,accuratesse betekenis,accuracy meaning,31,reason meaning,0.132
181,Testen,nauwkeurigheid,accuratesse test,accuracy test,90,accuracy test,1.000
182,Testen,nauwkeurigheid,snelheid en nauwkeurigheid test,speed and accuracy test,90,accuracy test,0.810
183,Onboarding en rekrutering,recruitment,potentieel,potential,18,high potential,0.777
184,Testen,Redeneren,capaciteiten betekenis,abilities meaning,31,reason meaning,0.105
185,Testen,profielanalyse,capaciteitentest oefenen,practice ability test,38,ppa test practice,0.498
186,Testen,capaciteiten,goede en slechte eigenschappen test,good and bad traits test,84,good and bad traits test,1.000
187,Testen,solliciteren,sterke punten test,strengths test,7,job test,0.464
188,Testen,solliciteren,kwaliteiten test,qualities test,7,job test,0.513
189,Testen,inzicht,capaciteitentest technisch inzicht,capability test technical insight,78,technical insight test,0.697
190,Testen,Vaardigheden,planning ability test,planning ability test,91,testing planning skills,0.877
191,Testen,solliciteren,vlieger capaciteitentest 1,kite aptitude test 1,143,aptitude test,0.687
192,Testen,inzicht,technisch inzicht test,technical insight test,78,technical insight test,1.000
193,Testen,inzicht,ruimtelijk inzicht betekenis,spatial awareness meaning,148,test spatial awareness,0.699
194,Testen,inzicht,test ruimtelijk inzicht,test spatial awareness,148,test spatial awareness,1.000
195,Training en ontwikkeling,training,assessment training,assessment training,107,assessment training,1.000
196,Training en ontwikkeling,training,ppa training,ppa training,137,ppa training,1.000
197,Training en ontwikkeling,training,ppa training,ppa training,137,ppa training,1.000
198,Leiderschap,leiderschapstijlen,effectief leiderschap training,effective leadership training,64,leadership styles,0.614
199,Testen,Intelligentie,emotionele intelligentie training,emotional intelligence training,42,emotional intelligence,0.836
200,Training en ontwikkeling,training,beste assessment training,beste assessment training,107,assessment training,0.797
201,Training en ontwikkeling,training,assessment training review,assessment training review,107,assessment training,0.890
202,Training en ontwikkeling,training,recruitment trainingen,recruitment trainings,104,recruitment trainings,1.000
203,Personeel,verandermanagement,trainingen verandermanagement,change management training,44,change management,0.831
204,Training en ontwikkeling,training,disc training kosten,disc training costs,32,disc training costs,1.000
205,Testen,Intelligentie,training emotionele intelligentie,emotional intelligence training,42,emotional intelligence,0.836
206,Training en ontwikkeling,training,assessment training,assessment training,107,assessment training,1.000
207,Assessment,ppa,assessment cursus,assessment cursus,2,ppa assessment,0.299
208,Training en ontwikkeling,training,beste assessment training,beste assessment training,107,assessment training,0.797
209,Training en ontwikkeling,training,assessment training review,assessment training review,107,assessment training,0.890
210,Training en ontwikkeling,zelfontwikkeling,zelfontwikkeling,self development,144,self development,1.000
211,Training en ontwikkeling,zelfontwikkeling,zelfontwikkeling boeken,books self development,21,books self development,1.000
212,Training en ontwikkeling,zelfontwikkeling,zelfontwikkeling engels,self development english,144,self development,0.768
213,Training en ontwikkeling,zelfontwikkeling,zelfontwikkeling betekenis,self development meaning,144,self development,0.891
214,Training en ontwikkeling,persoonlijke ontwikkeling,persoonlijke zelfontwikkeling,personal self-development,9,describe personal development,0.880
215,Training en ontwikkeling,zelfontwikkeling,zelfontwikkeling tips,self development tips,144,self development,0.833
216,Training en ontwikkeling,zelfontwikkeling,zelfontwikkeling competentie,self-development competence,144,self development,0.860
217,Training en ontwikkeling,zelfontwikkeling,zelfontwikkeling cursus,self-development course,144,self development,0.802
218,Training en ontwikkeling,zelfontwikkeling,verschil zelfontwikkeling en zelfontplooiing,difference self-development and self-development,123,difference self-development and self-development,1.000
219,Testen,Leiderschap,leiderschapskwaliteiten ontwikkelen,develop leadership qualities,120,leadership qualities,0.909
220,Testen,Leiderschap,leiderschapskwaliteiten ontwikkelen,develop leadership qualities,120,leadership qualities,0.909
221,Training en ontwikkeling,persoonlijke ontwikkeling,persoonlijkheid ontwikkelen,develop personality,9,describe personal development,0.657
222,Training en ontwikkeling,zelfontwikkeling,zelfbewustzijn ontwikkelen,develop self-awareness,144,self development,0.650
223,Training en ontwikkeling,medewerkers,competentie ontwikkelen medewerkers,developing employees' competence,3,employee development,0.765
224,Training en ontwikkeling,ontwikkelen,opleiden en ontwikkelen personeel,train and develop staff,109,train and develop staff,1.000
225,Training en ontwikkeling,persoonlijke ontwikkeling,soft skills ontwikkelen,develop soft skills,9,describe personal development,0.417
226,Testen,Intelligentie,emotionele intelligentie ontwikkelen,develop emotional intelligence,42,emotional intelligence,0.911
227,Training en ontwikkeling,medewerkers,competentie ontwikkelen medewerkers,developing employees' competence,3,employee development,0.765
228,Training en ontwikkeling,persoonlijke ontwikkeling,persoonlijke ontwikkeling medewerkers,personal development employees,9,describe personal development,0.706
229,Training en ontwikkeling,medewerkers,ontwikkeling medewerkers,employee development,3,employee development,1.000
230,Training en ontwikkeling,medewerkers,waarom ontwikkeling van medewerkers belangrijk, employee development is important,75, employee development is important,1.000
231,Training en ontwikkeling,persoonlijke ontwikkeling,persoonlijke ontwikkeling,personal development,9,describe personal development,0.925
232,Training en ontwikkeling,persoonlijke ontwikkeling,persoonlijke ontwikkeling voorbeelden,personal development examples,9,describe personal development,0.839
233,Training en ontwikkeling,persoonlijke ontwikkeling,ontwikkeling persoonlijkheid,personality development,9,describe personal development,0.720
234,Training en ontwikkeling,persoonlijke ontwikkeling,persoonlijke ontwikkeling medewerkers,personal development employees,9,describe personal development,0.706
235,Training en ontwikkeling,medewerkers,ontwikkeling medewerkers,employee development,3,employee development,1.000
236,Training en ontwikkeling,persoonlijke ontwikkeling,ontwikkelingsmogelijkheden,development opportunities,9,describe personal development,0.398
237,Training en ontwikkeling,persoonlijke ontwikkeling,persoonlijke ontwikkeling werk,personal development work,9,describe personal development,0.847
238,Training en ontwikkeling,persoonlijke ontwikkeling,onderwerpen persoonlijke ontwikkeling,subjects personal development,9,describe personal development,0.815
239,Training en ontwikkeling,persoonlijke ontwikkeling,wat is persoonlijke ontwikkeling, personal development,9,describe personal development,0.925
240,Training en ontwikkeling,persoonlijke ontwikkeling,persoonlijke ontwikkeling beschrijven,describe personal development,9,describe personal development,1.000
241,Training en ontwikkeling,medewerkers,waarom ontwikkeling van medewerkers belangrijk, employee development is important,75, employee development is important,1.000
242,Testen,psychometrie,onboarding,onboarding,19,psychometrie,0.100
243,Testen,psychometrie,onboarding proces,onboarding proces,19,psychometrie,0.076
244,Testen,psychometrie,wat is onboarding, onboarding,19,psychometrie,0.100
245,Testen,psychometrie,onboarding definitie,onboarding definition,19,psychometrie,0.036
246,Testen,psychometrie,onboarding tips,onboarding tips,19,psychometrie,0.022
247,Onboarding en rekrutering,recruitment,high potential,high potential,18,high potential,1.000
248,Testen,psychometrie,recruitmentproces,recruitmentproces,19,psychometrie,0.174
249,Training en ontwikkeling,training,wat is een recruiter, a recruiter,104,recruitment trainings,0.627
250,Training en ontwikkeling,training,recruitment oplossingen,recruitment solutions,104,recruitment trainings,0.829
251,Training en ontwikkeling,training,wat is recruitment, recruitment,104,recruitment trainings,0.866
252,Training en ontwikkeling,training,recruitment nederlands,recruitment dutch,104,recruitment trainings,0.630
253,Onboarding en rekrutering,recruitment,high potential programma,high potential programma,18,high potential,0.615
254,Onboarding en rekrutering,recruitment,identifying high potentials,identifying high potentials,18,high potential,0.803
255,Training en ontwikkeling,training,kosten recruitment,costs recruitment,104,recruitment trainings,0.721
256,Training en ontwikkeling,training,wervingsproces,recruitment process,104,recruitment trainings,0.791
257,Onboarding en rekrutering,recruitment,recruitment strategie,recruitment strategy,6,recruitment strategy,1.000
258,Onboarding en rekrutering,recruitment,recruitment strategien,recruitment strategies,6,recruitment strategy,0.960
259,Onboarding en rekrutering,recruitment,medewerkers aantrekken,attract employees,30,attract employees,1.000
260,Onboarding en rekrutering,recruitment,de juiste kandidaat selecteren,select the right candidate,128,select the right candidate,1.000
261,Assessment,ppa,sollicitant beoordelen,assess applicant,2,ppa assessment,0.499
262,Onboarding en rekrutering,recruitment,sollicitatiegesprek voeren als werkgever,conducting a job interview as an employer,51,conducting a job interview as an employer,1.000
263,Training en ontwikkeling,training,werving en selectie betekenis,recruitment and selection meaning,104,recruitment trainings,0.672
264,Testen,psychometrie,360graden,360graden,19,psychometrie,0.250
265,Evaluatie,360 graden,360 graden feedback,360 degree feedback,48,360 degree evaluation,0.755
266,Evaluatie,360 graden,360 graden feedback,360 degree feedback,48,360 degree evaluation,0.755
267,Evaluatie,360 graden,360 graden evaluatie,360 degree evaluation,48,360 degree evaluation,1.000
268,Evaluatie,360 graden,360 grad feedback,360 grad feedback,115,feedback 360,0.720
269,Evaluatie,360 graden,360 graden feedback voorbeeld antwoorden,360 degree feedback example answers,121,360 degree feedback example answers,1.000
270,Evaluatie,360 graden,360 graden feedback formulier werk,360 degree feedback form work,132,360 degree feedback form,0.976
271,Evaluatie,360 graden,360 graden feedback verslag voorbeeld,360 degree feedback report example,48,360 degree evaluation,0.671
272,Evaluatie,360 graden,wat is 360 graden feedback, 360 degree feedback,48,360 degree evaluation,0.755
273,Evaluatie,360 graden,360 graden feedback vragenlijst,360 degree feedback questionnaire,48,360 degree evaluation,0.621
274,Evaluatie,360 graden,360 graden feedback voorbeeld antwoorden,360 degree feedback example answers,121,360 degree feedback example answers,1.000
275,Evaluatie,360 graden,360 graden feedback geven,Giving 360 degree feedback,48,360 degree evaluation,0.710
276,Evaluatie,360 graden,360 graden feedback uitleg,360 degree feedback explanation,48,360 degree evaluation,0.729
277,Evaluatie,360 graden,360 graden analyse,360 degree analysis,48,360 degree evaluation,0.881
278,Evaluatie,360 graden,360 graden feedback gratis,360 degree feedback for free,138,360 degree feedback for free,1.000
279,Evaluatie,360 graden,360 graden feedback formulier zorg,360 degree feedback form care,132,360 degree feedback form,0.822
280,Evaluatie,360 graden,360 graden feedback formulier,360 degree feedback form,132,360 degree feedback form,1.000
281,Evaluatie,360 graden,feedback 360,feedback 360,115,feedback 360,1.000
282,Evaluatie,360 graden,360 graden feedback invullen,Fill in 360 degree feedback,48,360 degree evaluation,0.692
283,Evaluatie,360 graden,360 feedback formulier,360 feedback form,115,feedback 360,0.832
284,Evaluatie,360 graden,360 graden feedback medewerkers,360 degree feedback employees,48,360 degree evaluation,0.534
285,Evaluatie,360 graden,360 graden feedback vragenlijst gratis,360 degree feedback questionnaire for free,138,360 degree feedback for free,0.782
286,Evaluatie,360 graden,instrument 360 graden feedback,instrument 360 degree feedback,48,360 degree evaluation,0.584
287,Evaluatie,360 graden,vragen 360 graden feedback,ask 360 degree feedback,11,ask 360 degree feedback,1.000
288,Evaluatie,360 graden,doel 360 graden feedback,target 360 degree feedback,48,360 degree evaluation,0.675
289,Evaluatie,360 graden,360 graden feedback voorbeeld vragen,360 degree feedback example questions,48,360 degree evaluation,0.678
290,Evaluatie,360 graden,360 graden feedback voorbeeld,360 degree feedback example,48,360 degree evaluation,0.731
291,Evaluatie,360 graden,360 graden beoordeling,360 degree review,48,360 degree evaluation,0.818
292,Evaluatie,360 graden,360 graden feedback formulier leiderschap,360 degree leadership feedback form,132,360 degree feedback form,0.787
293,Evaluatie,360 graden,360 graden feedback test,360 degree feedback test,48,360 degree evaluation,0.726
294,Evaluatie,360 graden,360 beoordeling,360 rating,115,feedback 360,0.722
295,Evaluatie,360 graden,360 graden feedback systeem,360 degree feedback system,48,360 degree evaluation,0.665
296,Evaluatie,360 graden,feedback 360 graden,feedback 360 degrees,48,360 degree evaluation,0.739
297,Evaluatie,functioneringsgesprek,functioneringsgesprek voorbereiden,prepare performance interview,60,prepare performance interview,1.000
298,Evaluatie,functioneringsgesprek,functioneringsgesprek tips,performance appraisal tips,73,performance appraisal tips,1.000
299,Evaluatie,functioneringsgesprek,verbeterpunten functioneringsgesprek,points for improvement performance interview,118,points for improvement performance interview,1.000
300,Evaluatie,functioneringsgesprek,voorbereiden op functioneringsgesprek,preparing for performance interview,60,prepare performance interview,0.954
301,Evaluatie,functioneringsgesprek,vragen tijdens functioneringsgesprek,questions during performance interview,23,questions during performance interview,1.000
302,Evaluatie,functioneringsgesprek,doel functioneringsgesprek,target performance review,80,the performance review,0.745
303,Evaluatie,functioneringsgesprek,voordelen functioneringsgesprek,benefits performance appraisal,73,performance appraisal tips,0.835
304,Evaluatie,functioneringsgesprek,het functioneringsgesprek,the performance review,80,the performance review,1.000
305,Evaluatie,functioneringsgesprek,onderwerpen functioneringsgesprek,topics performance review,80,the performance review,0.715
306,Evaluatie,voorbeeld,persoonlijke evaluatie voorbeeld,personal evaluation example,43,personal evaluation example,1.000
307,Evaluatie,voorbeeld,positieve feedback voorbeelden,positive feedback examples,65,feedback form example,0.710
308,Evaluatie,voorbeeld,opbouwende feedback voorbeelden,constructive feedback examples,65,feedback form example,0.664
309,Evaluatie,voorbeeld,feedback formulier voorbeeld,feedback form example,65,feedback form example,1.000
310,Evaluatie,voorbeeld,evaluatie vragenlijst voorbeeld,evaluation questionnaire example,94,evaluation questionnaire example,1.000
311,Evaluatie,voorbeeld,feedback samenwerken voorbeeld,feedback collaboration example,65,feedback form example,0.707
312,Evaluatie,voorbeeld,evaluatie vragenlijst voorbeeld,evaluation questionnaire example,94,evaluation questionnaire example,1.000
313,Evaluatie,voorbeeld,evaluatie vragenlijst voorbeeld,evaluation questionnaire example,94,evaluation questionnaire example,1.000
314,Evaluatie,vragen,waarom feedback vragen, ask for feedback,41, ask for feedback,1.000
315,Evaluatie,vragen,feedback vragenlijst,feedback questionnaire,16,feedback questionnaire,1.000
316,Evaluatie,vragen,feedback vragen model,ask for feedback model,41, ask for feedback,0.830
317,Evaluatie,vragen,feedback vragen over samenwerken,ask for feedback on collaboration,41, ask for feedback,0.768
318,Evaluatie,functioneringsgesprek,vragen tijdens functioneringsgesprek,questions during performance interview,23,questions during performance interview,1.000
319,Evaluatie,vragen,feedback vragenlijst,feedback questionnaire,16,feedback questionnaire,1.000
320,Evaluatie,geven,feedback geven,to give feedback,68, giving feedback,0.820
321,Evaluatie,geven,feedback geven en ontvangen,giving and receiving feedback,136,giving and receiving feedback,1.000
322,Evaluatie,geven,wat is feedback geven, giving feedback,68, giving feedback,1.000
323,Testen,Leiderschap,leiderschapskwaliteiten,leadership qualities,120,leadership qualities,1.000
324,Leiderschap,leiderschapskwaliteiten,wat zijn leiderschapskwaliteiten, are leadership qualities,55, are leadership qualities,1.000
325,Leiderschap,algemeen,goede leiderschapskwaliteiten,good leadership qualities,27, good leadership,0.842
326,Leiderschap,leiderschapskwaliteiten,welke leiderschapskwaliteiten zijn er, leadership qualities are there,55, are leadership qualities,0.965
327,Leiderschap,leiderschapstijlen,leiderschapsstijlen,leadership styles,64,leadership styles,1.000
328,Leiderschap,leiderschapstijlen,situationeel leiderschap,situational leadership,10,situational leadership,1.000
329,Leiderschap,leiderschapstijlen,4 leiderschapsstijlen,4 leadership styles,64,leadership styles,0.892
330,Leiderschap,leiderschapstijlen,directief leiderschap,directive leadership,64,leadership styles,0.547
331,Leiderschap,algemeen,soorten leiderschapsstijlen covey,types of leadership styles covey,108,types of leadership,0.825
332,Leiderschap,leiderschapstijlen,ondersteunend leiderschap,supportive leadership,64,leadership styles,0.666
333,Testen,Leiderschap,leiderschapskwaliteiten,leadership qualities,120,leadership qualities,1.000
334,Leiderschap,eigenschappen,goede leider,good leader,119,good leader,1.000
335,Testen,Leiderschap,eigenschappen leider,traits leader,49,leader traits,0.945
336,Testen,Leiderschap,eigenschappen van een leider,qualities of a leader,85,qualities of a leader,1.000
337,Testen,Leiderschap,slechte eigenschappen leider,bad qualities leader,85,qualities of a leader,0.822
338,Leiderschap,leiderschapskwaliteiten,wat zijn leiderschapskwaliteiten, are leadership qualities,55, are leadership qualities,1.000
339,Leiderschap,leiderschapskwaliteiten,welke leiderschapskwaliteiten zijn er, leadership qualities are there,55, are leadership qualities,0.965
340,Leiderschap,algemeen,goede leiderschapskwaliteiten,good leadership qualities,27, good leadership,0.842
341,Leiderschap,leiderschapstijlen,persoonlijk leiderschap,personal leadership,64,leadership styles,0.714
342,Leiderschap,algemeen,soorten leiderschap,types of leadership,108,types of leadership,1.000
343,Leiderschap,leiderschapstijlen,wat is leiderschap, leadership,64,leadership styles,0.777
344,Leiderschap,leiderschapstijlen,ontwikkeling leiderschap,leadership development,64,leadership styles,0.722
345,Leiderschap,leiderschapstijlen,waarom is leiderschap belangrijk, leadership important,64,leadership styles,0.676
346,Leiderschap,leiderschapstijlen,leiderschap ontwikkelen,developing leadership,64,leadership styles,0.722
347,Leiderschap,algemeen,wat is goed leiderschap, good leadership,27, good leadership,1.000
348,Leiderschap,leiderschapstijlen,leiderschap verbeteren,improve leadership,64,leadership styles,0.708
349,Leiderschap,leiderschapstijlen,wat is effectief leiderschap, effective leadership,64,leadership styles,0.701
350,Testen,Leiderschap,kenmerken goed leiderschap,characteristics of good leadership,56,leadership characteristics,0.895
351,Leiderschap,algemeen,goed leiderschap kenmerken,good leadership characteristics,27, good leadership,0.814
352,Testen,Leiderschap,kenmerken van leiderschap,characteristics of leadership,56,leadership characteristics,0.979
353,Leiderschap,leiderschapstijlen,visie op leiderschap,vision on leadership,64,leadership styles,0.626
354,Leiderschap,eigenschappen,goede leiders voorbeelden,good leaders examples,119,good leader,0.638
355,Software,rapportage,hr rapporten,hr reports,13,hr reports,1.000
356,Software,rapportage,hr rapportage voorbeeld,hr reporting example,13,hr reports,0.892
357,Software,tool,hr tools,hr tools,57,hr tools,1.000
358,Software,tool,talent tool,talent tool,34,talent tool,1.000
359,Software,tool,hr tools voorbeelden,hr tools examples,57,hr tools,0.944
360,Software,tool,wat zijn hr tools, are hr tools,57,hr tools,0.929
361,Software,tool,hr tools gratis,hr tools gratis,57,hr tools,0.935
362,Software,software,hr software,hr software,117,hr software,1.000
363,Evaluatie,360 graden,360 graden feedback software,360 degree feedback software,48,360 degree evaluation,0.639
364,Personeel,verandermanagement,competentiemanagement software,competency management software,44,change management,0.331
365,Software,software,beste hr software,best HR software,117,hr software,0.921
366,Training en ontwikkeling,training,rekrutering software,recruitment software,104,recruitment trainings,0.796
367,Personeel,remote,werken op afstand,working remotely,33,working remotely,1.000
368,Personeel,remote,afstand werken,working remotely,33,working remotely,1.000
369,Personeel,remote,op afstand werken,work remotely,33,working remotely,0.964
370,Personeel,remote,managen op afstand,remote management,33,working remotely,0.697
371,Personeel,remote,communiceren op afstand,communicate remotely,33,working remotely,0.720
372,Personeel,team,high performance team,high performance team,47,team performance,0.789
373,Personeel,team,team charter,team charter,8,building a team,0.619
374,Personeel,team,team performance,team performance,47,team performance,1.000
375,Personeel,team,team motiveren,motivate team,8,building a team,0.707
376,Personeel,team,waarom is communicatie belangrijk in een team, communication important in a team,67, communication important in a team,1.000
377,Personeel,team,teamdynamiek verbeteren,improve team dynamics,134,improving teams,0.721
378,Personeel,team,teamdynamiek betekenis,team dynamics meaning,135,team dynamics meaning,1.000
379,Personeel,team,high performing teams lencioni,high performing teams lencioni,47,team performance,0.620
380,Personeel,team,kenmerken high performance team,features high performance team,47,team performance,0.648
381,Personeel,team,wat is teamontwikkeling, team development,50, team development,1.000
382,Personeel,team,teamontwikkeling tuckman,team development tuckman,50, team development,0.610
383,Personeel,team,teamontwikkeling training,team development training,50, team development,0.881
384,Personeel,team,teamontwikkeling betekenis,team development meaning,50, team development,0.878
385,Personeel,team,teamontwikkeling definitie,team development definition,50, team development,0.867
386,Testen,psychometrie,leiderschapsteam,unfortunately schapsteam,19,psychometrie,0.267
387,Personeel,team,performance team,performance team,47,team performance,0.810
388,Personeel,team,wat is een goed team, a good team,8,building a team,0.611
389,Personeel,team,team beter laten functioneren,make the team function better,147,make the team function better,1.000
390,Personeel,team,doelstellingen team,team goals,95,team goals,1.000
391,Personeel,team,communicatie verbeteren in een team,improve communication in a team,67, communication important in a team,0.914
392,Personeel,team,team doelstellingen,team goals,95,team goals,1.000
393,Testen,Leiderschap,kenmerken van een team,characteristics of a team,56,leadership characteristics,0.639
394,Personeel,team,succesvolle teams,successful teams,82,successful teams,1.000
395,Personeel,team,voorbeeld succesvol team,example successful team,82,successful teams,0.861
396,Personeel,team,sterke teams,strong teams,8,building a team,0.676
397,Personeel,team,communicatie team verbeteren,improve communication team,67, communication important in a team,0.834
398,Personeel,team,verbeteren van teams,improving teams,134,improving teams,1.000
399,Personeel,team,kwaliteiten team,qualities team,8,building a team,0.611
400,Personeel,team,team opbouwen,building a team,8,building a team,1.000
401,Personeel,team,vertrouwen herstellen in team,restore trust in team,114,restore trust in team,1.000
402,Personeel,team,teamwork verbeteren,improve teamwork,134,improving teams,0.788
403,Personeel,team,team ontwikkelen,developing a team,50, team development,0.902
404,Personeel,team,team functioneert niet,team is not functioning,130,team is not functioning,1.000
405,Personeel,team,de kracht van high performance teams,the power of high performance teams,131,the power of high performance teams,1.000
406,Personeel,nieuwe medewerker,welkom nieuwe collega,welcome new colleague,100,welcome new colleague,1.000
407,Personeel,nieuwe medewerker,introductietekst nieuwe medewerker voorbeeld,introduction text new employee example,79,introduction text new employee example,1.000
408,Personeel,nieuwe medewerker,nieuwe medewerkers,new employees,142,new employees,1.000
409,Personeel,nieuwe medewerker,verwelkoming nieuwe medewerker,welcome new employee,83,welcome new employee,1.000
410,Personeel,nieuwe medewerker,welkomstpakket nieuwe medewerker,welcome package new employee,83,welcome new employee,0.850
411,Personeel,onboarding,onboarding nieuwe medewerkers,onboarding new employees,5,onboarding employees,0.906
412,Personeel,nieuwe medewerker,nieuwe medewerker welkom heten,welcome new employee,83,welcome new employee,1.000
413,Personeel,nieuwe medewerker,welkom nieuwe collega kaart,welcome new colleague card,100,welcome new colleague,0.765
414,Personeel,nieuwe medewerker,nieuwe medewerkers welkom heten,welcoming new employees,83,welcome new employee,0.797
415,Personeel,nieuwe medewerker,introductie nieuwe medewerker,introduction new employee,142,new employees,0.799
416,Personeel,nieuwe medewerker,nieuwe collega welkom heten,welcome new colleague,100,welcome new colleague,1.000
417,Personeel,nieuwe medewerker,vragenlijst nieuwe medewerker,questionnaire new employee,142,new employees,0.653
418,Personeel,nieuwe medewerker,nieuwe collega welkom heten tekst,welcome new colleague text,100,welcome new colleague,0.825
419,Personeel,nieuwe medewerker,nieuwe collega ontvangen,receive a new colleague,26,receive a new colleague,1.000
420,Personeel,onboarding,onboarding nieuwe medewerkers,onboarding new employees,5,onboarding employees,0.906
421,Testen,psychometrie,onboarding programma,onboarding program,19,psychometrie,0.023
422,Testen,psychometrie,onboarding film,onboarding film,19,psychometrie,0.139
423,Testen,psychometrie,onboarding op afstand,remote onboarding,19,psychometrie,0.005
424,Testen,psychometrie,onboarding kosten,onboarding costs,19,psychometrie,-0.037
425,Testen,psychometrie,onboarding onderzoek,onboarding research,19,psychometrie,0.123
426,Testen,psychometrie,trends onboarding,trends onboarding,19,psychometrie,0.111
427,Testen,psychometrie,onboarding strategie,onboarding strategy,19,psychometrie,0.043
428,Personeel,onboarding,onboarding medewerkers,onboarding employees,5,onboarding employees,1.000
429,Testen,psychometrie,waarom onboarding, onboarding,19,psychometrie,0.100
430,Personeel,medewerkers betrekken,medewerkers motiveren,motivate employees,39,motivate employees,1.000
431,Personeel,medewerkers betrekken,motiveren van medewerkers,motivating employees,39,motivate employees,0.988
432,Personeel,medewerkers betrekken,medewerkers motiveren,motivate employees,39,motivate employees,1.000
433,Personeel,medewerkers betrekken,motiveren van medewerkers,motivating employees,39,motivate employees,0.988
434,Personeel,medewerkers betrekken,betrokkenheid medewerkers,employee involvement,54,employee involvement,1.000
435,Personeel,medewerkers betrekken,betrokkenheid medewerkers stimuleren,stimulate employee involvement,54,employee involvement,0.876
436,Personeel,medewerkers betrekken,medewerkers betrekken bij organisatie,involving employees in the organization,54,employee involvement,0.762
437,Personeel,medewerkers betrekken,betrokkenheid medewerkers stimuleren,stimulate employee involvement,54,employee involvement,0.876
438,Onboarding en rekrutering,recruitment,faciliteren medewerkers,facilitate employees,30,attract employees,0.674
439,Personeel,medewerkers betrekken,medewerkersbetrokkenheid vergroten,increase employee engagement,62,employee engagement,0.917
440,Personeel,medewerkers betrekken,medewerkersbetrokkenheidsonderzoek,employee engagement survey,62,employee engagement,0.844
441,Personeel,medewerkers betrekken,betrokken medewerkers theorie,involved employees theory,54,employee involvement,0.808
442,Personeel,medewerkers betrekken,motivatiefactoren medewerkers,motivation factors employees,39,motivate employees,0.794
443,Personeel,medewerkers betrekken,betrokkenheid medewerkers theorie,employee engagement theory,62,employee engagement,0.903
444,Onboarding en rekrutering,recruitment,medewerkers behouden,retain employees,30,attract employees,0.591
445,Onboarding en rekrutering,recruitment,retentie van medewerkers,employee retention,30,attract employees,0.570
446,Personeel,vragenlijst,medewerkerstevredenheidsonderzoek vragenlijst voorbeeld,employee satisfaction survey questionnaire example,63,satisfaction survey questionnaire example,0.868
447,Personeel,medewerkers betrekken,werknemers betrokkenheid,employee engagement,62,employee engagement,1.000
448,Personeel,medewerkers betrekken,betrokkenheid werknemers,employee involvement,54,employee involvement,1.000
449,Personeel,medewerkers betrekken,betrokkenheid organisatie,involvement organization,54,employee involvement,0.662
450,Personeel,medewerkers betrekken,werknemers motiveren beloning,employees motivate reward,39,motivate employees,0.885
451,Personeel,vragenlijst,tevredenheidsonderzoek vragenlijst voorbeeld,satisfaction survey questionnaire example,63,satisfaction survey questionnaire example,1.000
452,Personeel,medewerkers betrekken,vragenlijst motivatie medewerkers,employee motivation questionnaire,39,motivate employees,0.743
453,Personeel,nieuwe medewerker,vragenlijst nieuwe medewerker,questionnaire new employee,142,new employees,0.653
454,Evaluatie,vragen,werktevredenheid vragenlijst,job satisfaction questionnaire,16,feedback questionnaire,0.497
455,Personeel,vragenlijst,medewerkerstevredenheidsonderzoek vragenlijst voorbeeld,employee satisfaction survey questionnaire example,63,satisfaction survey questionnaire example,0.868
456,Personeel,medewerkers betrekken,vragenlijst motivatie medewerkers,employee motivation questionnaire,39,motivate employees,0.743
457,Personeel,weerstand,weerstand tegen verandering,resistance to change,37,resistance to change,1.000
458,Personeel,weerstand,omgaan met weerstand model,dealing with resistance model,89,dealing with resistance model,1.000
459,Personeel,weerstand,weerstand verandering,resistance change,4,resistance change,1.000
460,Personeel,weerstand,weerstand bij verandering model,resistance to model change,37,resistance to change,0.789
461,Personeel,weerstand,weerstand bij verandering kotter,resistance to change cutter,37,resistance to change,0.660
462,Personeel,weerstand,omgaan met weerstand model,dealing with resistance model,89,dealing with resistance model,1.000
463,Personeel,weerstand,omgaan met weerstand bij verandering,dealing with resistance to change,53,dealing with resistance to change,1.000
464,Personeel,weerstand,weerstand bij veranderingsprocessen,resistance to change processes,37,resistance to change,0.790
465,Personeel,weerstand,weerstand bij verandering,resistance to change,37,resistance to change,1.000
466,Personeel,weerstand,definitie weerstand bij veranderingen,definition resistance to change,37,resistance to change,0.900
467,Personeel,weerstand,weerstand bij veranderingen,resistance to change,37,resistance to change,1.000
468,Personeel,verandermanagement,verandermanagement,change management,44,change management,1.000
469,Personeel,verandermanagement,verandermanagement modellen,change management models,44,change management,0.873
470,Personeel,verandermanagement,waarom verandermanagement, change management,44,change management,1.000
471,Personeel,verandermanagement,waarom verandermanagement, change management,44,change management,1.000
472,Personeel,verandermanagement,wat is verandermanagement, change management,44,change management,1.000
473,Personeel,verandermanagement,verandermanagement betekenis,change management meaning,44,change management,0.913
474,Personeel,verandermanagement,verandermanagement definitie,change management definition,44,change management,0.904
475,Personeel,verandermanagement,verandermanagement modellen kotter,change management models cutter,44,change management,0.692
476,Personeel,verandermanagement,wat is verandermanagement, change management,44,change management,1.000
477,Personeel,verandermanagement,verandermanagement definitie,change management definition,44,change management,0.904
478,Personeel,verandermanagement,verandermanagement communicatie,change management communication,12,change management communication,1.000
479,Personeel,verandermanagement,theorie verandermanagement,theory change management,44,change management,0.763
480,Personeel,weerstand,weerstand tegen verandering,resistance to change,37,resistance to change,1.000
481,Personeel,weerstand,weerstand verandering,resistance change,4,resistance change,1.000
482,Personeel,weerstand,weerstand bij verandering model,resistance to model change,37,resistance to change,0.789
483,Personeel,weerstand,weerstand bij verandering kotter,resistance to change cutter,37,resistance to change,0.660
484,Personeel,veranderingen,verandering in organisatie,change in organization,72,organization and change,0.953
485,Personeel,veranderingen,organisatieverandering voorbeelden,organizational change examples,125,organizational change examples,1.000
486,Personeel,weerstand,omgaan met weerstand bij verandering,dealing with resistance to change,53,dealing with resistance to change,1.000
487,Personeel,weerstand,weerstand bij veranderingsprocessen,resistance to change processes,37,resistance to change,0.790
488,Personeel,veranderingen,organisatie en verandering,organization and change,72,organization and change,1.000
489,Personeel,weerstand,weerstand bij verandering,resistance to change,37,resistance to change,1.000
490,Personeel,weerstand,definitie weerstand bij veranderingen,definition resistance to change,37,resistance to change,0.900
491,Personeel,weerstand,weerstand bij veranderingen,resistance to change,37,resistance to change,1.000
492,Personeel,veranderingen,veranderingsprocessen in organisaties,change processes in organizations,72,organization and change,0.771
493,Personeel,veranderingen,veranderingen in organisaties,changes in organizations,72,organization and change,0.886
494,Personeel,veranderingen,organisatieverandering definitie,organizational change definition,125,organizational change examples,0.809
495,Personeel,diversiteit,voordelen diversiteit,benefits diversity,15,benefits diversity,1.000
496,Personeel,diversiteit,voordelen diversiteit in de samenleving,benefits diversity in society,126,benefits diversity in society,1.000
497,Personeel,diversiteit,diversiteit personeelsbestand,workforce diversity,87, cultural diversity,0.675
498,Personeel,diversiteit,culturele diversiteit op het werk,cultural diversity at work,87, cultural diversity,0.837
499,Personeel,diversiteit,wat is culturele diversiteit, cultural diversity,87, cultural diversity,1.000
500,Personeel,diversiteit,voordelen van diversiteit,benefits of diversity,15,benefits diversity,0.957
501,Personeel,diversiteit,voordelen culturele diversiteit,benefits of cultural diversity,15,benefits diversity,0.838
502,Personeel,hr,successieplanning hr,succession planning hr,66,succession planning hr,1.000
503,Software,rapportage,hr blog,hr blog,13,hr reports,0.639
504,Software,rapportage,hr whitepapers,hr whitepapers,13,hr reports,0.654
505,Software,rapportage,hr onderzoeken,hr research,13,hr reports,0.783
506,Personeel,hr,succession planning hr,succession planning hr,66,succession planning hr,1.000
507,Software,tool,wat is talent, talent,34,talent tool,0.758
508,Personeel,talent,talent management definitie,talent management definition,113, talent management,0.889
509,Personeel,talent,talent management vacature,talent management vacancy,113, talent management,0.842
510,Software,tool,talent strategie,talent strategy,34,talent tool,0.657
511,Personeel,talent,talent management betekenis,talent management meaning,113, talent management,0.894
512,Personeel,talent,talentmanagement in de praktijk,talent management in practice,113, talent management,0.945
513,Personeel,talent,talent management strategie,talent management strategy,113, talent management,0.887
514,Personeel,talent,waarom talentmanagement, talent management,113, talent management,1.000
515,Personeel,talent,strategisch talentmanagement,strategic talent management,113, talent management,0.841
516,Personeel,beloning,beloningssysteem werknemers,employee reward system,20,reward employees,0.873
517,Onboarding en rekrutering,recruitment,beloning werknemers,remuneration employees,30,attract employees,0.495
518,Personeel,beloning,werknemers belonen,reward employees,20,reward employees,1.000
519,Personeel,medewerkers betrekken,werknemers motiveren beloning,employees motivate reward,39,motivate employees,0.885
520,Personeel,beloning,hoe werknemers belonen,how to reward employees,20,reward employees,0.918
521,Personeel,beloning,medewerkers belonen,reward employees,20,reward employees,1.000
522,Personeel,beloning,personeel belonen,reward staff,77,reward staff,1.000
523,Personeel,personeelsverloop,personeelsverloop,staff turnover,140,staff turnover,1.000
524,Personeel,personeelsverloop,hoog personeelsverloop,high staff turnover,140,staff turnover,0.915
525,Personeel,personeelsverloop,oorzaken personeelsverloop,causes of staff turnover,111,causes of staff turnover,1.000
526,Onboarding en rekrutering,recruitment,personeelsverloop berekenen,calculate employee turnover,30,attract employees,0.420
527,Assessment,ppa,ppa betekenis,ppa meaning,52, does ppa mean,0.967
528,Training en ontwikkeling,training,ppa test,ppa test,137,ppa training,0.684
529,Assessment,ppa,ppa assessment,ppa assessment,2,ppa assessment,1.000
530,Training en ontwikkeling,training,thomas international ppa,thomas international ppa,137,ppa training,0.612
531,Assessment,ppa,ppa meaning,ppa meaning,52, does ppa mean,0.967
532,Assessment,ppa,ppa assessment tips,ppa assessment tips,2,ppa assessment,0.906
533,Assessment,ppa,ppa assessment voorbeeld,ppa assessment example,2,ppa assessment,0.931
534,Training en ontwikkeling,training,ppa vragenlijst,ppa questionnaire,137,ppa training,0.538
535,Training en ontwikkeling,training,ppa nederland,ppa nederland,137,ppa training,0.455
536,Assessment,ppa,ppa disc meaning,ppa disc meaning,52, does ppa mean,0.764
537,Training en ontwikkeling,training,ppa school,ppa school,137,ppa training,0.773
538,Assessment,ppa,wat betekent ppa, does ppa mean,52, does ppa mean,1.000
539,Training en ontwikkeling,training,wat is ppa, ppa,137,ppa training,0.743
540,Testen,profielanalyse,persoonlijke profiel analyse,personal profile analysis,45,profile analysis,0.845
541,Assessment,oefenen,assessment oefenen,practice assessment,22,practice assessment,1.000
542,Testen,overige testen,assessment tests oefenen,practice assessment tests,106, an assessment test,0.818
543,Assessment,oefenen,assessment oefenen gratis,assessment practice for free,35,assessment practice for free,1.000
544,Assessment,oefenen,assessments oefenen gratis,assessments practice for free,35,assessment practice for free,0.968
545,Assessment,oefenen,ltp assessment oefenen gratis,ltp assessment practice for free,35,assessment practice for free,0.710
546,Testen,psychometrie,psychometrische test oefenen,practice psychometric test,58,psychometric test,0.934
547,Assessment,oefenen,assessment oefenen ltp,practice assessment ltp,22,practice assessment,0.760
548,Assessment,oefenen,assessment oefenen boek,assessment practice book,22,practice assessment,0.769
549,Assessment,gia,gia assessment oefenen,practice gia assessment,93,gia assessment,0.964
550,Assessment,oefenen,ontwikkel assessment oefenen,development assessment practice,86,development assessment practice,1.000
551,Assessment,oefenen,online assessment oefenen,practice online assessment,22,practice assessment,0.702
552,Assessment,oefenen,ontwikkelingsassessment oefenen,practice development assessment,86,development assessment practice,0.859
553,Training en ontwikkeling,training,disc kleuren,disc colors,32,disc training costs,0.413
554,Testen,disc,disc model test,disc model test,29,disc test,0.892
555,Training en ontwikkeling,training,disc analyse,disc analyse,32,disc training costs,0.408
556,Testen,disc,disc test kopen,disc test kopen,29,disc test,0.801
557,Testen,disc,disc vragenlijst pdf,disc questionnaire pdf,70,disc questionnaire pdf,1.000
558,Training en ontwikkeling,training,disc theorie,disc theorie,32,disc training costs,0.423
559,Testen,disc,disc profiel uitleg,disc profile explanation,105,disc profile,0.903
560,Training en ontwikkeling,training,disc nederlands,disc nederlands,32,disc training costs,0.305
561,Testen,profielanalyse,disc analyse 4 profielen,disc analysis 4 profiles,45,profile analysis,0.592
562,Training en ontwikkeling,training,disc certificering,disc certificering,32,disc training costs,0.490
563,Assessment,center,assessment center,assessment center,71,assessment center,1.000
564,Assessment,center,assessment center betekenis,assessment center meaning,71,assessment center,0.863
565,Assessment,center,assessment center hudson,assessment center hudson,71,assessment center,0.776
566,Assessment,center,assessment center antwerpen,assessment center antwerp,71,assessment center,0.780
567,Assessment,center,assessment center methode,assessment center methode,71,assessment center,0.852
568,Assessment,center,wat is een assessment center, an assessment center,71,assessment center,0.961
569,Assessment,gia,gia antwerpen,gia antwerp,69,gia antwerp,1.000
570,Assessment,gia,gia certificaat,gia certificate,69,gia antwerp,0.472
571,Assessment,gia,gia assessment,gia assessment,93,gia assessment,1.000
572,Assessment,gia,gia check,gia check,69,gia antwerp,0.536
573,Assessment,gia,gia rapport,already rapport,139,already rapport,1.000
574,Assessment,gia,gia assessment tips,gia assessment tips,93,gia assessment,0.927
575,Assessment,voorbeeld,assessment voorbeeld,assessment example,103,assessment example,1.000
576,Assessment,voorbeeld,ontwikkelassessment voorbeeld,development assessment example,103,assessment example,0.763
577,Assessment,voorbeeld,ait assessment voorbeeld,ait assessment example,103,assessment example,0.596
578,Assessment,online,online assessment,online assessment,40, an online assessment,0.953
579,Assessment,online,online assessment training,online assessment training,40, an online assessment,0.839
580,Assessment,online,wat is een online assessment, an online assessment,40, an online assessment,1.000
